OBJECTID,ST,STATE,ST_ABBR,STCNTY,COUNTY,FIPS,RPL_THEMES,,,,,,,,,,,,,,,,,,,,,,,,,,,,,
459,6,CALIFORNIA,CA,6037,Los Angeles,6037194300,0.0008,,,,,,,,,,,,,,,,,,,,,,,,,,,,,
313,6,CALIFORNIA,CA,6037,Los Angeles,6037137504,0.0026,,,,,,,,,,,,,,,,,,,,,,,,,,,,,
341,6,CALIFORNIA,CA,6037,Los Angeles,6037141700,0.0034,,,,,,,,,,,,,,,,,,,,,,,,,,,,,
835,6,CALIFORNIA,CA,6037,Los Angeles,6037262601,0.0035,,,,,,,,,,,,,,,,,,,,,,,,,,,,,
825,6,CALIFORNIA,CA,6037,Los Angeles,6037261101,0.006,,,,,,,,,,,,,,,,,,,,,,,,,,,,,
827,6,CALIFORNIA,CA,6037,Los Angeles,6037261200,0.0065,,,,,,,,,,,,,,,,,,,,,,,,,,,,,
937,6,CALIFORNIA,CA,6037,Los Angeles,6037278102,0.0078,,,,,,,,,,,,,,,,,,,,,,,,,,,,,
1103,6,CALIFORNIA,CA,6037,Los Angeles,6037670702,0.0089,,,,,,,,,,,,,,,,,,,,,,,,,,,,,
826,6,CALIFORNIA,CA,6037,Los Angeles,6037261102,0.0092,,,,,,,,,,,,,,,,,,,,,,,,,,,,,
840,6,CALIFORNIA,CA,6037,Los Angeles,6037264000,0.0155,,,,,,,,,,,,,,,,,,,,,,,,,,,,,
929,6,CALIFORNIA,CA,6037,Los Angeles,6037276601,0.0171,,,,,,,,,,,,,,,,,,,,,,,,,,,,,
828,6,CALIFORNIA,CA,6037,Los Angeles,6037262100,0.0172,,,,,,,,,,,,,,,,,,,,,,,,,,,,,
833,6,CALIFORNIA,CA,6037,Los Angeles,6037262400,0.0192,,,,,,,,,,,,,,,,,,,,,,,,,,,,,
853,6,CALIFORNIA,CA,6037,Los Angeles,6037265420,0.0196,,,,,,,,,,,,,,,,,,,,,,,,,,,,,
839,6,CALIFORNIA,CA,6037,Los Angeles,6037262802,0.0212,,,,,,,,,,,,,,,,,,,,,,,,,,,,,
63,6,CALIFORNIA,CA,6037,Los Angeles,6037108103,0.0216,,,,,,,,,,,,,,,,,,,,,,,,,,,,,
350,6,CALIFORNIA,CA,6037,Los Angeles,6037143700,0.0237,,,,,,,,,,,,,,,,,,,,,,,,,,,,,
875,6,CALIFORNIA,CA,6037,Los Angeles,6037269500,0.0239,,,,,,,,,,,,,,,,,,,,,,,,,,,,,
329,6,CALIFORNIA,CA,6037,Los Angeles,6037139801,0.0255,,,,,,,,,,,,,,,,,,,,,,,,,,,,,
874,6,CALIFORNIA,CA,6037,Los Angeles,6037269300,0.0256,,,,,,,,,,,,,,,,,,,,,,,,,,,,,
1013,6,CALIFORNIA,CA,6037,Los Angeles,6037460800,0.0257,,,,,,,,,,,,,,,,,,,,,,,,,,,,,
891,6,CALIFORNIA,CA,6037,Los Angeles,6037271400,0.0261,,,,,,,,,,,,,,,,,,,,,,,,,,,,,
625,6,CALIFORNIA,CA,6037,Los Angeles,6037214400,0.0262,,,,,,,,,,,,,,,,,,,,,,,,,,,,,
285,6,CALIFORNIA,CA,6037,Los Angeles,6037134424,0.0282,,,,,,,,,,,,,,,,,,,,,,,,,,,,,
990,6,CALIFORNIA,CA,6037,Los Angeles,6037300902,0.0296,,,,,,,,,,,,,,,,,,,,,,,,,,,,,
624,6,CALIFORNIA,CA,6037,Los Angeles,6037214100,0.0301,,,,,,,,,,,,,,,,,,,,,,,,,,,,,
348,6,CALIFORNIA,CA,6037,Los Angeles,6037143603,0.0316,,,,,,,,,,,,,,,,,,,,,,,,,,,,,
330,6,CALIFORNIA,CA,6037,Los Angeles,6037139802,0.0317,,,,,,,,,,,,,,,,,,,,,,,,,,,,,
282,6,CALIFORNIA,CA,6037,Los Angeles,6037134421,0.0318,,,,,,,,,,,,,,,,,,,,,,,,,,,,,
1118,6,CALIFORNIA,CA,6037,Los Angeles,6037701201,0.0331,,,,,,,,,,,,,,,,,,,,,,,,,,,,,
465,6,CALIFORNIA,CA,6037,Los Angeles,6037195202,0.0334,,,,,,,,,,,,,,,,,,,,,,,,,,,,,
404,6,CALIFORNIA,CA,6037,Los Angeles,6037189400,0.037,,,,,,,,,,,,,,,,,,,,,,,,,,,,,
1142,6,CALIFORNIA,CA,6037,Los Angeles,6037800203,0.0372,,,,,,,,,,,,,,,,,,,,,,,,,,,,,
397,6,CALIFORNIA,CA,6037,Los Angeles,6037188202,0.0374,,,,,,,,,,,,,,,,,,,,,,,,,,,,,
307,6,CALIFORNIA,CA,6037,Los Angeles,6037137301,0.041,,,,,,,,,,,,,,,,,,,,,,,,,,,,,
925,6,CALIFORNIA,CA,6037,Los Angeles,6037276000,0.0411,,,,,,,,,,,,,,,,,,,,,,,,,,,,,
831,6,CALIFORNIA,CA,6037,Los Angeles,6037262302,0.0416,,,,,,,,,,,,,,,,,,,,,,,,,,,,,
631,6,CALIFORNIA,CA,6037,Los Angeles,6037214800,0.042,,,,,,,,,,,,,,,,,,,,,,,,,,,,,
458,6,CALIFORNIA,CA,6037,Los Angeles,6037194200,0.0431,,,,,,,,,,,,,,,,,,,,,,,,,,,,,
923,6,CALIFORNIA,CA,6037,Los Angeles,6037275602,0.0435,,,,,,,,,,,,,,,,,,,,,,,,,,,,,
634,6,CALIFORNIA,CA,6037,Los Angeles,6037215101,0.0445,,,,,,,,,,,,,,,,,,,,,,,,,,,,,
327,6,CALIFORNIA,CA,6037,Los Angeles,6037139702,0.0456,,,,,,,,,,,,,,,,,,,,,,,,,,,,,
836,6,CALIFORNIA,CA,6037,Los Angeles,6037262604,0.0459,,,,,,,,,,,,,,,,,,,,,,,,,,,,,
930,6,CALIFORNIA,CA,6037,Los Angeles,6037276603,0.0464,,,,,,,,,,,,,,,,,,,,,,,,,,,,,
353,6,CALIFORNIA,CA,6037,Los Angeles,6037143902,0.0471,,,,,,,,,,,,,,,,,,,,,,,,,,,,,
1135,6,CALIFORNIA,CA,6037,Los Angeles,6037702901,0.05,,,,,,,,,,,,,,,,,,,,,,,,,,,,,
445,6,CALIFORNIA,CA,6037,Los Angeles,6037191902,0.0539,,,,,,,,,,,,,,,,,,,,,,,,,,,,,
461,6,CALIFORNIA,CA,6037,Los Angeles,6037194402,0.0549,,,,,,,,,,,,,,,,,,,,,,,,,,,,,
65,6,CALIFORNIA,CA,6037,Los Angeles,6037108201,0.055,,,,,,,,,,,,,,,,,,,,,,,,,,,,,
80,6,CALIFORNIA,CA,6037,Los Angeles,6037111204,0.0552,,,,,,,,,,,,,,,,,,,,,,,,,,,,,
910,6,CALIFORNIA,CA,6037,Los Angeles,6037273600,0.0554,,,,,,,,,,,,,,,,,,,,,,,,,,,,,
1004,6,CALIFORNIA,CA,6037,Los Angeles,6037311400,0.0555,,,,,,,,,,,,,,,,,,,,,,,,,,,,,
340,6,CALIFORNIA,CA,6037,Los Angeles,6037141600,0.0557,,,,,,,,,,,,,,,,,,,,,,,,,,,,,
832,6,CALIFORNIA,CA,6037,Los Angeles,6037262303,0.0579,,,,,,,,,,,,,,,,,,,,,,,,,,,,,
1120,6,CALIFORNIA,CA,6037,Los Angeles,6037701601,0.058,,,,,,,,,,,,,,,,,,,,,,,,,,,,,
54,6,CALIFORNIA,CA,6037,Los Angeles,6037106643,0.0586,,,,,,,,,,,,,,,,,,,,,,,,,,,,,
927,6,CALIFORNIA,CA,6037,Los Angeles,6037276400,0.0588,,,,,,,,,,,,,,,,,,,,,,,,,,,,,
932,6,CALIFORNIA,CA,6037,Los Angeles,6037277000,0.0591,,,,,,,,,,,,,,,,,,,,,,,,,,,,,
1145,6,CALIFORNIA,CA,6037,Los Angeles,6037920303,0.0639,,,,,,,,,,,,,,,,,,,,,,,,,,,,,
1141,6,CALIFORNIA,CA,6037,Los Angeles,6037800102,0.0668,,,,,,,,,,,,,,,,,,,,,,,,,,,,,
635,6,CALIFORNIA,CA,6037,Los Angeles,6037215102,0.0673,,,,,,,,,,,,,,,,,,,,,,,,,,,,,
911,6,CALIFORNIA,CA,6037,Los Angeles,6037273700,0.0681,,,,,,,,,,,,,,,,,,,,,,,,,,,,,
321,6,CALIFORNIA,CA,6037,Los Angeles,6037139402,0.0691,,,,,,,,,,,,,,,,,,,,,,,,,,,,,
339,6,CALIFORNIA,CA,6037,Los Angeles,6037141500,0.0745,,,,,,,,,,,,,,,,,,,,,,,,,,,,,
841,6,CALIFORNIA,CA,6037,Los Angeles,6037264102,0.0748,,,,,,,,,,,,,,,,,,,,,,,,,,,,,
396,6,CALIFORNIA,CA,6037,Los Angeles,6037188201,0.0759,,,,,,,,,,,,,,,,,,,,,,,,,,,,,
14,6,CALIFORNIA,CA,6037,Los Angeles,6037103300,0.0767,,,,,,,,,,,,,,,,,,,,,,,,,,,,,
448,6,CALIFORNIA,CA,6037,Los Angeles,6037192300,0.0771,,,,,,,,,,,,,,,,,,,,,,,,,,,,,
456,6,CALIFORNIA,CA,6037,Los Angeles,6037194101,0.0782,,,,,,,,,,,,,,,,,,,,,,,,,,,,,
464,6,CALIFORNIA,CA,6037,Los Angeles,6037195201,0.0784,,,,,,,,,,,,,,,,,,,,,,,,,,,,,
87,6,CALIFORNIA,CA,6037,Los Angeles,6037113102,0.0786,,,,,,,,,,,,,,,,,,,,,,,,,,,,,
1170,6,CALIFORNIA,CA,6111,Ventura,6111007511,0.081,,,,,,,,,,,,,,,,,,,,,,,,,,,,,
1014,6,CALIFORNIA,CA,6037,Los Angeles,6037463800,0.082,,,,,,,,,,,,,,,,,,,,,,,,,,,,,
1017,6,CALIFORNIA,CA,6037,Los Angeles,6037480702,0.0827,,,,,,,,,,,,,,,,,,,,,,,,,,,,,
1108,6,CALIFORNIA,CA,6037,Los Angeles,6037700501,0.0831,,,,,,,,,,,,,,,,,,,,,,,,,,,,,
844,6,CALIFORNIA,CA,6037,Los Angeles,6037264302,0.0835,,,,,,,,,,,,,,,,,,,,,,,,,,,,,
2,6,CALIFORNIA,CA,6037,Los Angeles,6037101122,0.0839,,,,,,,,,,,,,,,,,,,,,,,,,,,,,
905,6,CALIFORNIA,CA,6037,Los Angeles,6037273100,0.084,,,,,,,,,,,,,,,,,,,,,,,,,,,,,
1163,6,CALIFORNIA,CA,6037,Los Angeles,6037980024,0.0844,,,,,,,,,,,,,,,,,,,,,,,,,,,,,
1158,6,CALIFORNIA,CA,6037,Los Angeles,6037980019,0.0846,,,,,,,,,,,,,,,,,,,,,,,,,,,,,
1111,6,CALIFORNIA,CA,6037,Los Angeles,6037700700,0.0864,,,,,,,,,,,,,,,,,,,,,,,,,,,,,
457,6,CALIFORNIA,CA,6037,Los Angeles,6037194102,0.0875,,,,,,,,,,,,,,,,,,,,,,,,,,,,,
843,6,CALIFORNIA,CA,6037,Los Angeles,6037264301,0.0923,,,,,,,,,,,,,,,,,,,,,,,,,,,,,
64,6,CALIFORNIA,CA,6037,Los Angeles,6037108104,0.094,,,,,,,,,,,,,,,,,,,,,,,,,,,,,
1131,6,CALIFORNIA,CA,6037,Los Angeles,6037702700,0.0947,,,,,,,,,,,,,,,,,,,,,,,,,,,,,
349,6,CALIFORNIA,CA,6037,Los Angeles,6037143604,0.0949,,,,,,,,,,,,,,,,,,,,,,,,,,,,,
968,6,CALIFORNIA,CA,6037,Los Angeles,6037295103,0.0957,,,,,,,,,,,,,,,,,,,,,,,,,,,,,
638,6,CALIFORNIA,CA,6037,Los Angeles,6037216300,0.0959,,,,,,,,,,,,,,,,,,,,,,,,,,,,,
345,6,CALIFORNIA,CA,6037,Los Angeles,6037143400,0.096,,,,,,,,,,,,,,,,,,,,,,,,,,,,,
50,6,CALIFORNIA,CA,6037,Los Angeles,6037106603,0.098,,,,,,,,,,,,,,,,,,,,,,,,,,,,,
1128,6,CALIFORNIA,CA,6037,Los Angeles,6037702501,0.0987,,,,,,,,,,,,,,,,,,,,,,,,,,,,,
61,6,CALIFORNIA,CA,6037,Los Angeles,6037108101,0.0993,,,,,,,,,,,,,,,,,,,,,,,,,,,,,
468,6,CALIFORNIA,CA,6037,Los Angeles,6037195500,0.0995,,,,,,,,,,,,,,,,,,,,,,,,,,,,,
335,6,CALIFORNIA,CA,6037,Los Angeles,6037141302,0.0999,,,,,,,,,,,,,,,,,,,,,,,,,,,,,
314,6,CALIFORNIA,CA,6037,Los Angeles,6037138000,0.1011,,,,,,,,,,,,,,,,,,,,,,,,,,,,,
912,6,CALIFORNIA,CA,6037,Los Angeles,6037273800,0.1017,,,,,,,,,,,,,,,,,,,,,,,,,,,,,
883,6,CALIFORNIA,CA,6037,Los Angeles,6037269906,0.1047,,,,,,,,,,,,,,,,,,,,,,,,,,,,,
915,6,CALIFORNIA,CA,6037,Los Angeles,6037274202,0.1066,,,,,,,,,,,,,,,,,,,,,,,,,,,,,
1164,6,CALIFORNIA,CA,6037,Los Angeles,6037980026,0.1087,,,,,,,,,,,,,,,,,,,,,,,,,,,,,
407,6,CALIFORNIA,CA,6037,Los Angeles,6037189701,0.11,,,,,,,,,,,,,,,,,,,,,,,,,,,,,
1169,6,CALIFORNIA,CA,6111,Ventura,6111007405,0.1126,,,,,,,,,,,,,,,,,,,,,,,,,,,,,
351,6,CALIFORNIA,CA,6037,Los Angeles,6037143800,0.1136,,,,,,,,,,,,,,,,,,,,,,,,,,,,,
1116,6,CALIFORNIA,CA,6037,Los Angeles,6037701000,0.1153,,,,,,,,,,,,,,,,,,,,,,,,,,,,,
336,6,CALIFORNIA,CA,6037,Los Angeles,6037141303,0.1155,,,,,,,,,,,,,,,,,,,,,,,,,,,,,
1107,6,CALIFORNIA,CA,6037,Los Angeles,6037700400,0.1175,,,,,,,,,,,,,,,,,,,,,,,,,,,,,
1119,6,CALIFORNIA,CA,6037,Los Angeles,6037701304,0.1179,,,,,,,,,,,,,,,,,,,,,,,,,,,,,
885,6,CALIFORNIA,CA,6037,Los Angeles,6037270100,0.1182,,,,,,,,,,,,,,,,,,,,,,,,,,,,,
55,6,CALIFORNIA,CA,6037,Los Angeles,6037106645,0.1185,,,,,,,,,,,,,,,,,,,,,,,,,,,,,
400,6,CALIFORNIA,CA,6037,Los Angeles,6037189102,0.1191,,,,,,,,,,,,,,,,,,,,,,,,,,,,,
394,6,CALIFORNIA,CA,6037,Los Angeles,6037187300,0.1215,,,,,,,,,,,,,,,,,,,,,,,,,,,,,
838,6,CALIFORNIA,CA,6037,Los Angeles,6037262706,0.122,,,,,,,,,,,,,,,,,,,,,,,,,,,,,
52,6,CALIFORNIA,CA,6037,Los Angeles,6037106641,0.1226,,,,,,,,,,,,,,,,,,,,,,,,,,,,,
1000,6,CALIFORNIA,CA,6037,Los Angeles,6037310100,0.1234,,,,,,,,,,,,,,,,,,,,,,,,,,,,,
1125,6,CALIFORNIA,CA,6037,Los Angeles,6037702202,0.1249,,,,,,,,,,,,,,,,,,,,,,,,,,,,,
302,6,CALIFORNIA,CA,6037,Los Angeles,6037135203,0.1263,,,,,,,,,,,,,,,,,,,,,,,,,,,,,
1114,6,CALIFORNIA,CA,6037,Los Angeles,6037700901,0.127,,,,,,,,,,,,,,,,,,,,,,,,,,,,,
914,6,CALIFORNIA,CA,6037,Los Angeles,6037274100,0.1273,,,,,,,,,,,,,,,,,,,,,,,,,,,,,
305,6,CALIFORNIA,CA,6037,Los Angeles,6037137104,0.1291,,,,,,,,,,,,,,,,,,,,,,,,,,,,,
480,6,CALIFORNIA,CA,6037,Los Angeles,6037197410,0.1311,,,,,,,,,,,,,,,,,,,,,,,,,,,,,
308,6,CALIFORNIA,CA,6037,Los Angeles,6037137302,0.1321,,,,,,,,,,,,,,,,,,,,,,,,,,,,,
978,6,CALIFORNIA,CA,6037,Los Angeles,6037297000,0.1324,,,,,,,,,,,,,,,,,,,,,,,,,,,,,
88,6,CALIFORNIA,CA,6037,Los Angeles,6037113211,0.1339,,,,,,,,,,,,,,,,,,,,,,,,,,,,,
862,6,CALIFORNIA,CA,6037,Los Angeles,6037267402,0.1364,,,,,,,,,,,,,,,,,,,,,,,,,,,,,
1140,6,CALIFORNIA,CA,6037,Los Angeles,6037800101,0.1377,,,,,,,,,,,,,,,,,,,,,,,,,,,,,
476,6,CALIFORNIA,CA,6037,Los Angeles,6037195902,0.1385,,,,,,,,,,,,,,,,,,,,,,,,,,,,,
1143,6,CALIFORNIA,CA,6037,Los Angeles,6037800204,0.1393,,,,,,,,,,,,,,,,,,,,,,,,,,,,,
1167,6,CALIFORNIA,CA,6037,Los Angeles,6037980031,0.1402,,,,,,,,,,,,,,,,,,,,,,,,,,,,,
863,6,CALIFORNIA,CA,6037,Los Angeles,6037267403,0.1409,,,,,,,,,,,,,,,,,,,,,,,,,,,,,
201,6,CALIFORNIA,CA,6037,Los Angeles,6037124500,0.1432,,,,,,,,,,,,,,,,,,,,,,,,,,,,,
988,6,CALIFORNIA,CA,6037,Los Angeles,6037300301,0.1441,,,,,,,,,,,,,,,,,,,,,,,,,,,,,
352,6,CALIFORNIA,CA,6037,Los Angeles,6037143901,0.1448,,,,,,,,,,,,,,,,,,,,,,,,,,,,,
403,6,CALIFORNIA,CA,6037,Los Angeles,6037189300,0.1461,,,,,,,,,,,,,,,,,,,,,,,,,,,,,
1094,6,CALIFORNIA,CA,6037,Los Angeles,6037620102,0.1493,,,,,,,,,,,,,,,,,,,,,,,,,,,,,
211,6,CALIFORNIA,CA,6037,Los Angeles,6037125402,0.1503,,,,,,,,,,,,,,,,,,,,,,,,,,,,,
884,6,CALIFORNIA,CA,6037,Los Angeles,6037269907,0.153,,,,,,,,,,,,,,,,,,,,,,,,,,,,,
1003,6,CALIFORNIA,CA,6037,Los Angeles,6037311200,0.154,,,,,,,,,,,,,,,,,,,,,,,,,,,,,
627,6,CALIFORNIA,CA,6037,Los Angeles,6037214502,0.1548,,,,,,,,,,,,,,,,,,,,,,,,,,,,,
845,6,CALIFORNIA,CA,6037,Los Angeles,6037265100,0.1551,,,,,,,,,,,,,,,,,,,,,,,,,,,,,
411,6,CALIFORNIA,CA,6037,Los Angeles,6037189903,0.1552,,,,,,,,,,,,,,,,,,,,,,,,,,,,,
1147,6,CALIFORNIA,CA,6037,Los Angeles,6037930101,0.1555,,,,,,,,,,,,,,,,,,,,,,,,,,,,,
533,6,CALIFORNIA,CA,6037,Los Angeles,6037206031,0.1566,,,,,,,,,,,,,,,,,,,,,,,,,,,,,
334,6,CALIFORNIA,CA,6037,Los Angeles,6037141202,0.1577,,,,,,,,,,,,,,,,,,,,,,,,,,,,,
1093,6,CALIFORNIA,CA,6037,Los Angeles,6037620101,0.1615,,,,,,,,,,,,,,,,,,,,,,,,,,,,,
202,6,CALIFORNIA,CA,6037,Los Angeles,6037124600,0.163,,,,,,,,,,,,,,,,,,,,,,,,,,,,,
893,6,CALIFORNIA,CA,6037,Los Angeles,6037271600,0.1649,,,,,,,,,,,,,,,,,,,,,,,,,,,,,
301,6,CALIFORNIA,CA,6037,Los Angeles,6037135202,0.1654,,,,,,,,,,,,,,,,,,,,,,,,,,,,,
924,6,CALIFORNIA,CA,6037,Los Angeles,6037275603,0.1657,,,,,,,,,,,,,,,,,,,,,,,,,,,,,
913,6,CALIFORNIA,CA,6037,Los Angeles,6037273902,0.1678,,,,,,,,,,,,,,,,,,,,,,,,,,,,,
860,6,CALIFORNIA,CA,6037,Los Angeles,6037267200,0.169,,,,,,,,,,,,,,,,,,,,,,,,,,,,,
857,6,CALIFORNIA,CA,6037,Los Angeles,6037265602,0.1694,,,,,,,,,,,,,,,,,,,,,,,,,,,,,
931,6,CALIFORNIA,CA,6037,Los Angeles,6037276604,0.1699,,,,,,,,,,,,,,,,,,,,,,,,,,,,,
406,6,CALIFORNIA,CA,6037,Los Angeles,6037189600,0.1718,,,,,,,,,,,,,,,,,,,,,,,,,,,,,
985,6,CALIFORNIA,CA,6037,Los Angeles,6037297500,0.1735,,,,,,,,,,,,,,,,,,,,,,,,,,,,,
1106,6,CALIFORNIA,CA,6037,Los Angeles,6037700300,0.1739,,,,,,,,,,,,,,,,,,,,,,,,,,,,,
928,6,CALIFORNIA,CA,6037,Los Angeles,6037276500,0.1749,,,,,,,,,,,,,,,,,,,,,,,,,,,,,
933,6,CALIFORNIA,CA,6037,Los Angeles,6037277100,0.1757,,,,,,,,,,,,,,,,,,,,,,,,,,,,,
856,6,CALIFORNIA,CA,6037,Los Angeles,6037265601,0.176,,,,,,,,,,,,,,,,,,,,,,,,,,,,,
628,6,CALIFORNIA,CA,6037,Los Angeles,6037214503,0.1763,,,,,,,,,,,,,,,,,,,,,,,,,,,,,
326,6,CALIFORNIA,CA,6037,Los Angeles,6037139701,0.1777,,,,,,,,,,,,,,,,,,,,,,,,,,,,,
871,6,CALIFORNIA,CA,6037,Los Angeles,6037267902,0.178,,,,,,,,,,,,,,,,,,,,,,,,,,,,,
829,6,CALIFORNIA,CA,6037,Los Angeles,6037262200,0.1807,,,,,,,,,,,,,,,,,,,,,,,,,,,,,
332,6,CALIFORNIA,CA,6037,Los Angeles,6037141102,0.1814,,,,,,,,,,,,,,,,,,,,,,,,,,,,,
331,6,CALIFORNIA,CA,6037,Los Angeles,6037141101,0.1815,,,,,,,,,,,,,,,,,,,,,,,,,,,,,
1110,6,CALIFORNIA,CA,6037,Los Angeles,6037700600,0.182,,,,,,,,,,,,,,,,,,,,,,,,,,,,,
343,6,CALIFORNIA,CA,6037,Los Angeles,6037143200,0.1829,,,,,,,,,,,,,,,,,,,,,,,,,,,,,
890,6,CALIFORNIA,CA,6037,Los Angeles,6037271300,0.1834,,,,,,,,,,,,,,,,,,,,,,,,,,,,,
402,6,CALIFORNIA,CA,6037,Los Angeles,6037189202,0.1844,,,,,,,,,,,,,,,,,,,,,,,,,,,,,
247,6,CALIFORNIA,CA,6037,Los Angeles,6037128802,0.1849,,,,,,,,,,,,,,,,,,,,,,,,,,,,,
834,6,CALIFORNIA,CA,6037,Los Angeles,6037262501,0.1857,,,,,,,,,,,,,,,,,,,,,,,,,,,,,
872,6,CALIFORNIA,CA,6037,Los Angeles,6037269000,0.1869,,,,,,,,,,,,,,,,,,,,,,,,,,,,,
1144,6,CALIFORNIA,CA,6037,Los Angeles,6037800506,0.1904,,,,,,,,,,,,,,,,,,,,,,,,,,,,,
830,6,CALIFORNIA,CA,6037,Los Angeles,6037262301,0.1911,,,,,,,,,,,,,,,,,,,,,,,,,,,,,
92,6,CALIFORNIA,CA,6037,Los Angeles,6037113232,0.1913,,,,,,,,,,,,,,,,,,,,,,,,,,,,,
855,6,CALIFORNIA,CA,6037,Los Angeles,6037265520,0.1932,,,,,,,,,,,,,,,,,,,,,,,,,,,,,
879,6,CALIFORNIA,CA,6037,Los Angeles,6037269800,0.1937,,,,,,,,,,,,,,,,,,,,,,,,,,,,,
895,6,CALIFORNIA,CA,6037,Los Angeles,6037271702,0.194,,,,,,,,,,,,,,,,,,,,,,,,,,,,,
213,6,CALIFORNIA,CA,6037,Los Angeles,6037125502,0.1948,,,,,,,,,,,,,,,,,,,,,,,,,,,,,
210,6,CALIFORNIA,CA,6037,Los Angeles,6037125401,0.196,,,,,,,,,,,,,,,,,,,,,,,,,,,,,
277,6,CALIFORNIA,CA,6037,Los Angeles,6037134302,0.196,,,,,,,,,,,,,,,,,,,,,,,,,,,,,
921,6,CALIFORNIA,CA,6037,Los Angeles,6037275400,0.1968,,,,,,,,,,,,,,,,,,,,,,,,,,,,,
909,6,CALIFORNIA,CA,6037,Los Angeles,6037273502,0.1977,,,,,,,,,,,,,,,,,,,,,,,,,,,,,
1105,6,CALIFORNIA,CA,6037,Los Angeles,6037700200,0.198,,,,,,,,,,,,,,,,,,,,,,,,,,,,,
1109,6,CALIFORNIA,CA,6037,Los Angeles,6037700502,0.1982,,,,,,,,,,,,,,,,,,,,,,,,,,,,,
212,6,CALIFORNIA,CA,6037,Los Angeles,6037125501,0.1992,,,,,,,,,,,,,,,,,,,,,,,,,,,,,
344,6,CALIFORNIA,CA,6037,Los Angeles,6037143300,0.204,,,,,,,,,,,,,,,,,,,,,,,,,,,,,
1005,6,CALIFORNIA,CA,6037,Los Angeles,6037311600,0.205,,,,,,,,,,,,,,,,,,,,,,,,,,,,,
870,6,CALIFORNIA,CA,6037,Los Angeles,6037267901,0.2052,,,,,,,,,,,,,,,,,,,,,,,,,,,,,
1001,6,CALIFORNIA,CA,6037,Los Angeles,6037310400,0.2057,,,,,,,,,,,,,,,,,,,,,,,,,,,,,
66,6,CALIFORNIA,CA,6037,Los Angeles,6037108202,0.2062,,,,,,,,,,,,,,,,,,,,,,,,,,,,,
1115,6,CALIFORNIA,CA,6037,Los Angeles,6037700902,0.209,,,,,,,,,,,,,,,,,,,,,,,,,,,,,
317,6,CALIFORNIA,CA,6037,Los Angeles,6037139301,0.2093,,,,,,,,,,,,,,,,,,,,,,,,,,,,,
283,6,CALIFORNIA,CA,6037,Los Angeles,6037134422,0.2105,,,,,,,,,,,,,,,,,,,,,,,,,,,,,
1092,6,CALIFORNIA,CA,6037,Los Angeles,6037620001,0.2108,,,,,,,,,,,,,,,,,,,,,,,,,,,,,
577,6,CALIFORNIA,CA,6037,Los Angeles,6037211000,0.2124,,,,,,,,,,,,,,,,,,,,,,,,,,,,,
104,6,CALIFORNIA,CA,6037,Los Angeles,6037115101,0.2129,,,,,,,,,,,,,,,,,,,,,,,,,,,,,
919,6,CALIFORNIA,CA,6037,Los Angeles,6037275302,0.2138,,,,,,,,,,,,,,,,,,,,,,,,,,,,,
882,6,CALIFORNIA,CA,6037,Los Angeles,6037269905,0.2144,,,,,,,,,,,,,,,,,,,,,,,,,,,,,
100,6,CALIFORNIA,CA,6037,Los Angeles,6037113322,0.2148,,,,,,,,,,,,,,,,,,,,,,,,,,,,,
626,6,CALIFORNIA,CA,6037,Los Angeles,6037214501,0.2174,,,,,,,,,,,,,,,,,,,,,,,,,,,,,
248,6,CALIFORNIA,CA,6037,Los Angeles,6037128910,0.2177,,,,,,,,,,,,,,,,,,,,,,,,,,,,,
342,6,CALIFORNIA,CA,6037,Los Angeles,6037143100,0.2177,,,,,,,,,,,,,,,,,,,,,,,,,,,,,
1136,6,CALIFORNIA,CA,6037,Los Angeles,6037703001,0.2203,,,,,,,,,,,,,,,,,,,,,,,,,,,,,
636,6,CALIFORNIA,CA,6037,Los Angeles,6037216100,0.2214,,,,,,,,,,,,,,,,,,,,,,,,,,,,,
333,6,CALIFORNIA,CA,6037,Los Angeles,6037141201,0.2223,,,,,,,,,,,,,,,,,,,,,,,,,,,,,
399,6,CALIFORNIA,CA,6037,Los Angeles,6037189101,0.223,,,,,,,,,,,,,,,,,,,,,,,,,,,,,
1127,6,CALIFORNIA,CA,6037,Los Angeles,6037702400,0.2239,,,,,,,,,,,,,,,,,,,,,,,,,,,,,
892,6,CALIFORNIA,CA,6037,Los Angeles,6037271500,0.224,,,,,,,,,,,,,,,,,,,,,,,,,,,,,
632,6,CALIFORNIA,CA,6037,Los Angeles,6037214901,0.2267,,,,,,,,,,,,,,,,,,,,,,,,,,,,,
296,6,CALIFORNIA,CA,6037,Los Angeles,6037135102,0.2283,,,,,,,,,,,,,,,,,,,,,,,,,,,,,
926,6,CALIFORNIA,CA,6037,Los Angeles,6037276100,0.2299,,,,,,,,,,,,,,,,,,,,,,,,,,,,,
837,6,CALIFORNIA,CA,6037,Los Angeles,6037262704,0.2314,,,,,,,,,,,,,,,,,,,,,,,,,,,,,
867,6,CALIFORNIA,CA,6037,Los Angeles,6037267600,0.2318,,,,,,,,,,,,,,,,,,,,,,,,,,,,,
91,6,CALIFORNIA,CA,6037,Los Angeles,6037113231,0.2323,,,,,,,,,,,,,,,,,,,,,,,,,,,,,
881,6,CALIFORNIA,CA,6037,Los Angeles,6037269904,0.2332,,,,,,,,,,,,,,,,,,,,,,,,,,,,,
463,6,CALIFORNIA,CA,6037,Los Angeles,6037195100,0.2333,,,,,,,,,,,,,,,,,,,,,,,,,,,,,
873,6,CALIFORNIA,CA,6037,Los Angeles,6037269100,0.2338,,,,,,,,,,,,,,,,,,,,,,,,,,,,,
295,6,CALIFORNIA,CA,6037,Los Angeles,6037134905,0.234,,,,,,,,,,,,,,,,,,,,,,,,,,,,,
203,6,CALIFORNIA,CA,6037,Los Angeles,6037124700,0.235,,,,,,,,,,,,,,,,,,,,,,,,,,,,,
11,6,CALIFORNIA,CA,6037,Los Angeles,6037103101,0.2362,,,,,,,,,,,,,,,,,,,,,,,,,,,,,
309,6,CALIFORNIA,CA,6037,Los Angeles,6037137401,0.2371,,,,,,,,,,,,,,,,,,,,,,,,,,,,,
467,6,CALIFORNIA,CA,6037,Los Angeles,6037195400,0.2373,,,,,,,,,,,,,,,,,,,,,,,,,,,,,
936,6,CALIFORNIA,CA,6037,Los Angeles,6037278001,0.238,,,,,,,,,,,,,,,,,,,,,,,,,,,,,
246,6,CALIFORNIA,CA,6037,Los Angeles,6037128801,0.2385,,,,,,,,,,,,,,,,,,,,,,,,,,,,,
984,6,CALIFORNIA,CA,6037,Los Angeles,6037297400,0.2392,,,,,,,,,,,,,,,,,,,,,,,,,,,,,
408,6,CALIFORNIA,CA,6037,Los Angeles,6037189702,0.2411,,,,,,,,,,,,,,,,,,,,,,,,,,,,,
337,6,CALIFORNIA,CA,6037,Los Angeles,6037141304,0.2416,,,,,,,,,,,,,,,,,,,,,,,,,,,,,
95,6,CALIFORNIA,CA,6037,Los Angeles,6037113235,0.2421,,,,,,,,,,,,,,,,,,,,,,,,,,,,,
241,6,CALIFORNIA,CA,6037,Los Angeles,6037128400,0.2424,,,,,,,,,,,,,,,,,,,,,,,,,,,,,
907,6,CALIFORNIA,CA,6037,Los Angeles,6037273300,0.2435,,,,,,,,,,,,,,,,,,,,,,,,,,,,,
7,6,CALIFORNIA,CA,6037,Los Angeles,6037102103,0.245,,,,,,,,,,,,,,,,,,,,,,,,,,,,,
629,6,CALIFORNIA,CA,6037,Los Angeles,6037214600,0.2456,,,,,,,,,,,,,,,,,,,,,,,,,,,,,
245,6,CALIFORNIA,CA,6037,Los Angeles,6037128702,0.2459,,,,,,,,,,,,,,,,,,,,,,,,,,,,,
81,6,CALIFORNIA,CA,6037,Los Angeles,6037111205,0.2471,,,,,,,,,,,,,,,,,,,,,,,,,,,,,
920,6,CALIFORNIA,CA,6037,Los Angeles,6037275311,0.2484,,,,,,,,,,,,,,,,,,,,,,,,,,,,,
398,6,CALIFORNIA,CA,6037,Los Angeles,6037188300,0.2486,,,,,,,,,,,,,,,,,,,,,,,,,,,,,
382,6,CALIFORNIA,CA,6037,Los Angeles,6037186100,0.2499,,,,,,,,,,,,,,,,,,,,,,,,,,,,,
842,6,CALIFORNIA,CA,6037,Los Angeles,6037264103,0.251,,,,,,,,,,,,,,,,,,,,,,,,,,,,,
462,6,CALIFORNIA,CA,6037,Los Angeles,6037194500,0.2543,,,,,,,,,,,,,,,,,,,,,,,,,,,,,
1124,6,CALIFORNIA,CA,6037,Los Angeles,6037702102,0.2544,,,,,,,,,,,,,,,,,,,,,,,,,,,,,
623,6,CALIFORNIA,CA,6037,Los Angeles,6037214000,0.257,,,,,,,,,,,,,,,,,,,,,,,,,,,,,
865,6,CALIFORNIA,CA,6037,Los Angeles,6037267501,0.2585,,,,,,,,,,,,,,,,,,,,,,,,,,,,,
1121,6,CALIFORNIA,CA,6037,Los Angeles,6037701602,0.259,,,,,,,,,,,,,,,,,,,,,,,,,,,,,
86,6,CALIFORNIA,CA,6037,Los Angeles,6037113101,0.2608,,,,,,,,,,,,,,,,,,,,,,,,,,,,,
989,6,CALIFORNIA,CA,6037,Los Angeles,6037300400,0.2614,,,,,,,,,,,,,,,,,,,,,,,,,,,,,
908,6,CALIFORNIA,CA,6037,Los Angeles,6037273402,0.2637,,,,,,,,,,,,,,,,,,,,,,,,,,,,,
259,6,CALIFORNIA,CA,6037,Los Angeles,6037131900,0.2639,,,,,,,,,,,,,,,,,,,,,,,,,,,,,
68,6,CALIFORNIA,CA,6037,Los Angeles,6037109200,0.2647,,,,,,,,,,,,,,,,,,,,,,,,,,,,,
868,6,CALIFORNIA,CA,6037,Los Angeles,6037267700,0.2649,,,,,,,,,,,,,,,,,,,,,,,,,,,,,
633,6,CALIFORNIA,CA,6037,Los Angeles,6037214902,0.2653,,,,,,,,,,,,,,,,,,,,,,,,,,,,,
894,6,CALIFORNIA,CA,6037,Los Angeles,6037271701,0.2654,,,,,,,,,,,,,,,,,,,,,,,,,,,,,
888,6,CALIFORNIA,CA,6037,Los Angeles,6037271100,0.2663,,,,,,,,,,,,,,,,,,,,,,,,,,,,,
1126,6,CALIFORNIA,CA,6037,Los Angeles,6037702300,0.2665,,,,,,,,,,,,,,,,,,,,,,,,,,,,,
447,6,CALIFORNIA,CA,6037,Los Angeles,6037192002,0.2668,,,,,,,,,,,,,,,,,,,,,,,,,,,,,
303,6,CALIFORNIA,CA,6037,Los Angeles,6037137000,0.2669,,,,,,,,,,,,,,,,,,,,,,,,,,,,,
449,6,CALIFORNIA,CA,6037,Los Angeles,6037192410,0.2684,,,,,,,,,,,,,,,,,,,,,,,,,,,,,
410,6,CALIFORNIA,CA,6037,Los Angeles,6037189902,0.2693,,,,,,,,,,,,,,,,,,,,,,,,,,,,,
291,6,CALIFORNIA,CA,6037,Los Angeles,6037134800,0.2694,,,,,,,,,,,,,,,,,,,,,,,,,,,,,
312,6,CALIFORNIA,CA,6037,Los Angeles,6037137502,0.2696,,,,,,,,,,,,,,,,,,,,,,,,,,,,,
765,6,CALIFORNIA,CA,6037,Los Angeles,6037236400,0.2699,,,,,,,,,,,,,,,,,,,,,,,,,,,,,
1033,6,CALIFORNIA,CA,6037,Los Angeles,6037532400,0.2707,,,,,,,,,,,,,,,,,,,,,,,,,,,,,
1122,6,CALIFORNIA,CA,6037,Los Angeles,6037701701,0.2718,,,,,,,,,,,,,,,,,,,,,,,,,,,,,
328,6,CALIFORNIA,CA,6037,Los Angeles,6037139703,0.2719,,,,,,,,,,,,,,,,,,,,,,,,,,,,,
1171,6,CALIFORNIA,CA,6111,Ventura,6111008304,0.2746,,,,,,,,,,,,,,,,,,,,,,,,,,,,,
544,6,CALIFORNIA,CA,6037,Los Angeles,6037207501,0.2762,,,,,,,,,,,,,,,,,,,,,,,,,,,,,
444,6,CALIFORNIA,CA,6037,Los Angeles,6037191901,0.2777,,,,,,,,,,,,,,,,,,,,,,,,,,,,,
82,6,CALIFORNIA,CA,6037,Los Angeles,6037111206,0.2793,,,,,,,,,,,,,,,,,,,,,,,,,,,,,
310,6,CALIFORNIA,CA,6037,Los Angeles,6037137402,0.2796,,,,,,,,,,,,,,,,,,,,,,,,,,,,,
630,6,CALIFORNIA,CA,6037,Los Angeles,6037214700,0.2801,,,,,,,,,,,,,,,,,,,,,,,,,,,,,
852,6,CALIFORNIA,CA,6037,Los Angeles,6037265410,0.2805,,,,,,,,,,,,,,,,,,,,,,,,,,,,,
12,6,CALIFORNIA,CA,6037,Los Angeles,6037103102,0.2808,,,,,,,,,,,,,,,,,,,,,,,,,,,,,
304,6,CALIFORNIA,CA,6037,Los Angeles,6037137103,0.2817,,,,,,,,,,,,,,,,,,,,,,,,,,,,,
325,6,CALIFORNIA,CA,6037,Los Angeles,6037139600,0.282,,,,,,,,,,,,,,,,,,,,,,,,,,,,,
355,6,CALIFORNIA,CA,6037,Los Angeles,6037181300,0.2821,,,,,,,,,,,,,,,,,,,,,,,,,,,,,
379,6,CALIFORNIA,CA,6037,Los Angeles,6037185204,0.2825,,,,,,,,,,,,,,,,,,,,,,,,,,,,,
1137,6,CALIFORNIA,CA,6037,Los Angeles,6037703002,0.284,,,,,,,,,,,,,,,,,,,,,,,,,,,,,
384,6,CALIFORNIA,CA,6037,Los Angeles,6037186202,0.2845,,,,,,,,,,,,,,,,,,,,,,,,,,,,,
986,6,CALIFORNIA,CA,6037,Los Angeles,6037297601,0.285,,,,,,,,,,,,,,,,,,,,,,,,,,,,,
645,6,CALIFORNIA,CA,6037,Los Angeles,6037217002,0.2869,,,,,,,,,,,,,,,,,,,,,,,,,,,,,
105,6,CALIFORNIA,CA,6037,Los Angeles,6037115103,0.2943,,,,,,,,,,,,,,,,,,,,,,,,,,,,,
405,6,CALIFORNIA,CA,6037,Los Angeles,6037189500,0.2949,,,,,,,,,,,,,,,,,,,,,,,,,,,,,
62,6,CALIFORNIA,CA,6037,Los Angeles,6037108102,0.2964,,,,,,,,,,,,,,,,,,,,,,,,,,,,,
866,6,CALIFORNIA,CA,6037,Los Angeles,6037267502,0.2989,,,,,,,,,,,,,,,,,,,,,,,,,,,,,
460,6,CALIFORNIA,CA,6037,Los Angeles,6037194401,0.299,,,,,,,,,,,,,,,,,,,,,,,,,,,,,
10,6,CALIFORNIA,CA,6037,Los Angeles,6037102107,0.3007,,,,,,,,,,,,,,,,,,,,,,,,,,,,,
1006,6,CALIFORNIA,CA,6037,Los Angeles,6037311700,0.3027,,,,,,,,,,,,,,,,,,,,,,,,,,,,,
347,6,CALIFORNIA,CA,6037,Los Angeles,6037143602,0.3049,,,,,,,,,,,,,,,,,,,,,,,,,,,,,
1090,6,CALIFORNIA,CA,6037,Los Angeles,6037603200,0.3055,,,,,,,,,,,,,,,,,,,,,,,,,,,,,
642,6,CALIFORNIA,CA,6037,Los Angeles,6037216800,0.306,,,,,,,,,,,,,,,,,,,,,,,,,,,,,
118,6,CALIFORNIA,CA,6037,Los Angeles,6037117301,0.3065,,,,,,,,,,,,,,,,,,,,,,,,,,,,,
1018,6,CALIFORNIA,CA,6037,Los Angeles,6037480703,0.3091,,,,,,,,,,,,,,,,,,,,,,,,,,,,,
1113,6,CALIFORNIA,CA,6037,Los Angeles,6037700802,0.3096,,,,,,,,,,,,,,,,,,,,,,,,,,,,,
889,6,CALIFORNIA,CA,6037,Los Angeles,6037271200,0.3102,,,,,,,,,,,,,,,,,,,,,,,,,,,,,
214,6,CALIFORNIA,CA,6037,Los Angeles,6037125600,0.3103,,,,,,,,,,,,,,,,,,,,,,,,,,,,,
859,6,CALIFORNIA,CA,6037,Los Angeles,6037267100,0.3118,,,,,,,,,,,,,,,,,,,,,,,,,,,,,
78,6,CALIFORNIA,CA,6037,Los Angeles,6037111201,0.3123,,,,,,,,,,,,,,,,,,,,,,,,,,,,,
1102,6,CALIFORNIA,CA,6037,Los Angeles,6037670701,0.3137,,,,,,,,,,,,,,,,,,,,,,,,,,,,,
297,6,CALIFORNIA,CA,6037,Los Angeles,6037135111,0.3163,,,,,,,,,,,,,,,,,,,,,,,,,,,,,
897,6,CALIFORNIA,CA,6037,Los Angeles,6037271802,0.3186,,,,,,,,,,,,,,,,,,,,,,,,,,,,,
760,6,CALIFORNIA,CA,6037,Los Angeles,6037236000,0.3191,,,,,,,,,,,,,,,,,,,,,,,,,,,,,
414,6,CALIFORNIA,CA,6037,Los Angeles,6037190100,0.3195,,,,,,,,,,,,,,,,,,,,,,,,,,,,,
322,6,CALIFORNIA,CA,6037,Los Angeles,6037139502,0.3213,,,,,,,,,,,,,,,,,,,,,,,,,,,,,
385,6,CALIFORNIA,CA,6037,Los Angeles,6037186203,0.322,,,,,,,,,,,,,,,,,,,,,,,,,,,,,
89,6,CALIFORNIA,CA,6037,Los Angeles,6037113212,0.3238,,,,,,,,,,,,,,,,,,,,,,,,,,,,,
896,6,CALIFORNIA,CA,6037,Los Angeles,6037271801,0.3245,,,,,,,,,,,,,,,,,,,,,,,,,,,,,
315,6,CALIFORNIA,CA,6037,Los Angeles,6037139001,0.3254,,,,,,,,,,,,,,,,,,,,,,,,,,,,,
311,6,CALIFORNIA,CA,6037,Los Angeles,6037137501,0.3262,,,,,,,,,,,,,,,,,,,,,,,,,,,,,
971,6,CALIFORNIA,CA,6037,Los Angeles,6037296300,0.3287,,,,,,,,,,,,,,,,,,,,,,,,,,,,,
1015,6,CALIFORNIA,CA,6037,Los Angeles,6037463900,0.33,,,,,,,,,,,,,,,,,,,,,,,,,,,,,
413,6,CALIFORNIA,CA,6037,Los Angeles,6037189905,0.332,,,,,,,,,,,,,,,,,,,,,,,,,,,,,
409,6,CALIFORNIA,CA,6037,Los Angeles,6037189800,0.3326,,,,,,,,,,,,,,,,,,,,,,,,,,,,,
637,6,CALIFORNIA,CA,6037,Los Angeles,6037216200,0.335,,,,,,,,,,,,,,,,,,,,,,,,,,,,,
298,6,CALIFORNIA,CA,6037,Los Angeles,6037135113,0.336,,,,,,,,,,,,,,,,,,,,,,,,,,,,,
1007,6,CALIFORNIA,CA,6037,Los Angeles,6037311801,0.3361,,,,,,,,,,,,,,,,,,,,,,,,,,,,,
880,6,CALIFORNIA,CA,6037,Los Angeles,6037269903,0.3398,,,,,,,,,,,,,,,,,,,,,,,,,,,,,
899,6,CALIFORNIA,CA,6037,Los Angeles,6037271902,0.3406,,,,,,,,,,,,,,,,,,,,,,,,,,,,,
190,6,CALIFORNIA,CA,6037,Los Angeles,6037123902,0.341,,,,,,,,,,,,,,,,,,,,,,,,,,,,,
412,6,CALIFORNIA,CA,6037,Los Angeles,6037189904,0.3415,,,,,,,,,,,,,,,,,,,,,,,,,,,,,
858,6,CALIFORNIA,CA,6037,Los Angeles,6037265700,0.3422,,,,,,,,,,,,,,,,,,,,,,,,,,,,,
346,6,CALIFORNIA,CA,6037,Los Angeles,6037143500,0.3434,,,,,,,,,,,,,,,,,,,,,,,,,,,,,
547,6,CALIFORNIA,CA,6037,Los Angeles,6037207900,0.3492,,,,,,,,,,,,,,,,,,,,,,,,,,,,,
846,6,CALIFORNIA,CA,6037,Los Angeles,6037265201,0.3501,,,,,,,,,,,,,,,,,,,,,,,,,,,,,
191,6,CALIFORNIA,CA,6037,Los Angeles,6037124000,0.3508,,,,,,,,,,,,,,,,,,,,,,,,,,,,,
244,6,CALIFORNIA,CA,6037,Los Angeles,6037128602,0.3519,,,,,,,,,,,,,,,,,,,,,,,,,,,,,
916,6,CALIFORNIA,CA,6037,Los Angeles,6037275101,0.3534,,,,,,,,,,,,,,,,,,,,,,,,,,,,,
479,6,CALIFORNIA,CA,6037,Los Angeles,6037197300,0.3537,,,,,,,,,,,,,,,,,,,,,,,,,,,,,
864,6,CALIFORNIA,CA,6037,Los Angeles,6037267404,0.3562,,,,,,,,,,,,,,,,,,,,,,,,,,,,,
5,6,CALIFORNIA,CA,6037,Los Angeles,6037101300,0.3574,,,,,,,,,,,,,,,,,,,,,,,,,,,,,
1096,6,CALIFORNIA,CA,6037,Los Angeles,6037650200,0.3581,,,,,,,,,,,,,,,,,,,,,,,,,,,,,
1016,6,CALIFORNIA,CA,6037,Los Angeles,6037480600,0.3585,,,,,,,,,,,,,,,,,,,,,,,,,,,,,
108,6,CALIFORNIA,CA,6037,Los Angeles,6037115202,0.3596,,,,,,,,,,,,,,,,,,,,,,,,,,,,,
869,6,CALIFORNIA,CA,6037,Los Angeles,6037267800,0.3643,,,,,,,,,,,,,,,,,,,,,,,,,,,,,
395,6,CALIFORNIA,CA,6037,Los Angeles,6037188100,0.3645,,,,,,,,,,,,,,,,,,,,,,,,,,,,,
878,6,CALIFORNIA,CA,6037,Los Angeles,6037269700,0.3657,,,,,,,,,,,,,,,,,,,,,,,,,,,,,
851,6,CALIFORNIA,CA,6037,Los Angeles,6037265305,0.3675,,,,,,,,,,,,,,,,,,,,,,,,,,,,,
242,6,CALIFORNIA,CA,6037,Los Angeles,6037128500,0.3682,,,,,,,,,,,,,,,,,,,,,,,,,,,,,
354,6,CALIFORNIA,CA,6037,Los Angeles,6037181000,0.3691,,,,,,,,,,,,,,,,,,,,,,,,,,,,,
268,6,CALIFORNIA,CA,6037,Los Angeles,6037132900,0.3702,,,,,,,,,,,,,,,,,,,,,,,,,,,,,
663,6,CALIFORNIA,CA,6037,Los Angeles,6037219500,0.3704,,,,,,,,,,,,,,,,,,,,,,,,,,,,,
1152,6,CALIFORNIA,CA,6037,Los Angeles,6037980008,0.3721,,,,,,,,,,,,,,,,,,,,,,,,,,,,,
477,6,CALIFORNIA,CA,6037,Los Angeles,6037195903,0.3724,,,,,,,,,,,,,,,,,,,,,,,,,,,,,
1148,6,CALIFORNIA,CA,6037,Los Angeles,6037930200,0.3725,,,,,,,,,,,,,,,,,,,,,,,,,,,,,
207,6,CALIFORNIA,CA,6037,Los Angeles,6037125200,0.3759,,,,,,,,,,,,,,,,,,,,,,,,,,,,,
300,6,CALIFORNIA,CA,6037,Los Angeles,6037135201,0.3761,,,,,,,,,,,,,,,,,,,,,,,,,,,,,
947,6,CALIFORNIA,CA,6037,Los Angeles,6037293301,0.3763,,,,,,,,,,,,,,,,,,,,,,,,,,,,,
973,6,CALIFORNIA,CA,6037,Los Angeles,6037296402,0.3781,,,,,,,,,,,,,,,,,,,,,,,,,,,,,
338,6,CALIFORNIA,CA,6037,Los Angeles,6037141400,0.3795,,,,,,,,,,,,,,,,,,,,,,,,,,,,,
1129,6,CALIFORNIA,CA,6037,Los Angeles,6037702502,0.3819,,,,,,,,,,,,,,,,,,,,,,,,,,,,,
900,6,CALIFORNIA,CA,6037,Los Angeles,6037272100,0.3823,,,,,,,,,,,,,,,,,,,,,,,,,,,,,
69,6,CALIFORNIA,CA,6037,Los Angeles,6037109300,0.3844,,,,,,,,,,,,,,,,,,,,,,,,,,,,,
206,6,CALIFORNIA,CA,6037,Los Angeles,6037125100,0.3858,,,,,,,,,,,,,,,,,,,,,,,,,,,,,
646,6,CALIFORNIA,CA,6037,Los Angeles,6037217100,0.3874,,,,,,,,,,,,,,,,,,,,,,,,,,,,,
972,6,CALIFORNIA,CA,6037,Los Angeles,6037296401,0.3875,,,,,,,,,,,,,,,,,,,,,,,,,,,,,
1138,6,CALIFORNIA,CA,6037,Los Angeles,6037703100,0.3898,,,,,,,,,,,,,,,,,,,,,,,,,,,,,
483,6,CALIFORNIA,CA,6037,Los Angeles,6037197600,0.3907,,,,,,,,,,,,,,,,,,,,,,,,,,,,,
950,6,CALIFORNIA,CA,6037,Los Angeles,6037293306,0.391,,,,,,,,,,,,,,,,,,,,,,,,,,,,,
1133,6,CALIFORNIA,CA,6037,Los Angeles,6037702802,0.3915,,,,,,,,,,,,,,,,,,,,,,,,,,,,,
466,6,CALIFORNIA,CA,6037,Los Angeles,6037195300,0.3921,,,,,,,,,,,,,,,,,,,,,,,,,,,,,
416,6,CALIFORNIA,CA,6037,Los Angeles,6037190202,0.3929,,,,,,,,,,,,,,,,,,,,,,,,,,,,,
293,6,CALIFORNIA,CA,6037,Los Angeles,6037134903,0.3947,,,,,,,,,,,,,,,,,,,,,,,,,,,,,
587,6,CALIFORNIA,CA,6037,Los Angeles,6037211500,0.3949,,,,,,,,,,,,,,,,,,,,,,,,,,,,,
854,6,CALIFORNIA,CA,6037,Los Angeles,6037265510,0.3954,,,,,,,,,,,,,,,,,,,,,,,,,,,,,
90,6,CALIFORNIA,CA,6037,Los Angeles,6037113213,0.3977,,,,,,,,,,,,,,,,,,,,,,,,,,,,,
847,6,CALIFORNIA,CA,6037,Los Angeles,6037265202,0.3981,,,,,,,,,,,,,,,,,,,,,,,,,,,,,
401,6,CALIFORNIA,CA,6037,Los Angeles,6037189201,0.3984,,,,,,,,,,,,,,,,,,,,,,,,,,,,,
1097,6,CALIFORNIA,CA,6037,Los Angeles,6037650901,0.3997,,,,,,,,,,,,,,,,,,,,,,,,,,,,,
53,6,CALIFORNIA,CA,6037,Los Angeles,6037106642,0.4026,,,,,,,,,,,,,,,,,,,,,,,,,,,,,
357,6,CALIFORNIA,CA,6037,Los Angeles,6037181500,0.4038,,,,,,,,,,,,,,,,,,,,,,,,,,,,,
684,6,CALIFORNIA,CA,6037,Los Angeles,6037221820,0.4046,,,,,,,,,,,,,,,,,,,,,,,,,,,,,
749,6,CALIFORNIA,CA,6037,Los Angeles,6037234300,0.4047,,,,,,,,,,,,,,,,,,,,,,,,,,,,,
56,6,CALIFORNIA,CA,6037,Los Angeles,6037106646,0.4055,,,,,,,,,,,,,,,,,,,,,,,,,,,,,
644,6,CALIFORNIA,CA,6037,Los Angeles,6037217001,0.4066,,,,,,,,,,,,,,,,,,,,,,,,,,,,,
39,6,CALIFORNIA,CA,6037,Los Angeles,6037106111,0.4096,,,,,,,,,,,,,,,,,,,,,,,,,,,,,
262,6,CALIFORNIA,CA,6037,Los Angeles,6037132101,0.4101,,,,,,,,,,,,,,,,,,,,,,,,,,,,,
443,6,CALIFORNIA,CA,6037,Los Angeles,6037191820,0.4106,,,,,,,,,,,,,,,,,,,,,,,,,,,,,
1002,6,CALIFORNIA,CA,6037,Los Angeles,6037311100,0.4106,,,,,,,,,,,,,,,,,,,,,,,,,,,,,
995,6,CALIFORNIA,CA,6037,Los Angeles,6037302102,0.4119,,,,,,,,,,,,,,,,,,,,,,,,,,,,,
38,6,CALIFORNIA,CA,6037,Los Angeles,6037106020,0.4126,,,,,,,,,,,,,,,,,,,,,,,,,,,,,
849,6,CALIFORNIA,CA,6037,Los Angeles,6037265303,0.4132,,,,,,,,,,,,,,,,,,,,,,,,,,,,,
748,6,CALIFORNIA,CA,6037,Los Angeles,6037234200,0.4135,,,,,,,,,,,,,,,,,,,,,,,,,,,,,
902,6,CALIFORNIA,CA,6037,Los Angeles,6037272202,0.4139,,,,,,,,,,,,,,,,,,,,,,,,,,,,,
1072,6,CALIFORNIA,CA,6037,Los Angeles,6037600702,0.4149,,,,,,,,,,,,,,,,,,,,,,,,,,,,,
943,6,CALIFORNIA,CA,6037,Los Angeles,6037291300,0.4155,,,,,,,,,,,,,,,,,,,,,,,,,,,,,
613,6,CALIFORNIA,CA,6037,Los Angeles,6037212702,0.4156,,,,,,,,,,,,,,,,,,,,,,,,,,,,,
1074,6,CALIFORNIA,CA,6037,Los Angeles,6037600801,0.4165,,,,,,,,,,,,,,,,,,,,,,,,,,,,,
117,6,CALIFORNIA,CA,6037,Los Angeles,6037117202,0.4171,,,,,,,,,,,,,,,,,,,,,,,,,,,,,
9,6,CALIFORNIA,CA,6037,Los Angeles,6037102105,0.4196,,,,,,,,,,,,,,,,,,,,,,,,,,,,,
1130,6,CALIFORNIA,CA,6037,Los Angeles,6037702600,0.4198,,,,,,,,,,,,,,,,,,,,,,,,,,,,,
1076,6,CALIFORNIA,CA,6037,Los Angeles,6037600911,0.42,,,,,,,,,,,,,,,,,,,,,,,,,,,,,
316,6,CALIFORNIA,CA,6037,Los Angeles,6037139200,0.4224,,,,,,,,,,,,,,,,,,,,,,,,,,,,,
499,6,CALIFORNIA,CA,6037,Los Angeles,6037201302,0.4229,,,,,,,,,,,,,,,,,,,,,,,,,,,,,
361,6,CALIFORNIA,CA,6037,Los Angeles,6037183104,0.4241,,,,,,,,,,,,,,,,,,,,,,,,,,,,,
74,6,CALIFORNIA,CA,6037,Los Angeles,6037109604,0.426,,,,,,,,,,,,,,,,,,,,,,,,,,,,,
1059,6,CALIFORNIA,CA,6037,Los Angeles,6037543603,0.426,,,,,,,,,,,,,,,,,,,,,,,,,,,,,
1112,6,CALIFORNIA,CA,6037,Los Angeles,6037700801,0.429,,,,,,,,,,,,,,,,,,,,,,,,,,,,,
640,6,CALIFORNIA,CA,6037,Los Angeles,6037216402,0.4295,,,,,,,,,,,,,,,,,,,,,,,,,,,,,
1139,6,CALIFORNIA,CA,6037,Los Angeles,6037703200,0.4297,,,,,,,,,,,,,,,,,,,,,,,,,,,,,
1023,6,CALIFORNIA,CA,6037,Los Angeles,6037482001,0.4307,,,,,,,,,,,,,,,,,,,,,,,,,,,,,
261,6,CALIFORNIA,CA,6037,Los Angeles,6037132002,0.433,,,,,,,,,,,,,,,,,,,,,,,,,,,,,
320,6,CALIFORNIA,CA,6037,Los Angeles,6037139401,0.4367,,,,,,,,,,,,,,,,,,,,,,,,,,,,,
284,6,CALIFORNIA,CA,6037,Los Angeles,6037134423,0.4401,,,,,,,,,,,,,,,,,,,,,,,,,,,,,
1132,6,CALIFORNIA,CA,6037,Los Angeles,6037702801,0.4412,,,,,,,,,,,,,,,,,,,,,,,,,,,,,
955,6,CALIFORNIA,CA,6037,Los Angeles,6037294301,0.4432,,,,,,,,,,,,,,,,,,,,,,,,,,,,,
1060,6,CALIFORNIA,CA,6037,Los Angeles,6037543703,0.4452,,,,,,,,,,,,,,,,,,,,,,,,,,,,,
643,6,CALIFORNIA,CA,6037,Los Angeles,6037216900,0.4457,,,,,,,,,,,,,,,,,,,,,,,,,,,,,
887,6,CALIFORNIA,CA,6037,Los Angeles,6037270300,0.4467,,,,,,,,,,,,,,,,,,,,,,,,,,,,,
120,6,CALIFORNIA,CA,6037,Los Angeles,6037117303,0.4531,,,,,,,,,,,,,,,,,,,,,,,,,,,,,
72,6,CALIFORNIA,CA,6037,Los Angeles,6037109601,0.4545,,,,,,,,,,,,,,,,,,,,,,,,,,,,,
323,6,CALIFORNIA,CA,6037,Los Angeles,6037139503,0.455,,,,,,,,,,,,,,,,,,,,,,,,,,,,,
377,6,CALIFORNIA,CA,6037,Los Angeles,6037185202,0.4554,,,,,,,,,,,,,,,,,,,,,,,,,,,,,
77,6,CALIFORNIA,CA,6037,Los Angeles,6037111100,0.4567,,,,,,,,,,,,,,,,,,,,,,,,,,,,,
861,6,CALIFORNIA,CA,6037,Los Angeles,6037267300,0.4569,,,,,,,,,,,,,,,,,,,,,,,,,,,,,
898,6,CALIFORNIA,CA,6037,Los Angeles,6037271901,0.4575,,,,,,,,,,,,,,,,,,,,,,,,,,,,,
1073,6,CALIFORNIA,CA,6037,Los Angeles,6037600704,0.4591,,,,,,,,,,,,,,,,,,,,,,,,,,,,,
75,6,CALIFORNIA,CA,6037,Los Angeles,6037109700,0.4623,,,,,,,,,,,,,,,,,,,,,,,,,,,,,
251,6,CALIFORNIA,CA,6037,Los Angeles,6037131100,0.464,,,,,,,,,,,,,,,,,,,,,,,,,,,,,
227,6,CALIFORNIA,CA,6037,Los Angeles,6037127711,0.4651,,,,,,,,,,,,,,,,,,,,,,,,,,,,,
252,6,CALIFORNIA,CA,6037,Los Angeles,6037131200,0.4659,,,,,,,,,,,,,,,,,,,,,,,,,,,,,
427,6,CALIFORNIA,CA,6037,Los Angeles,6037191000,0.4673,,,,,,,,,,,,,,,,,,,,,,,,,,,,,
901,6,CALIFORNIA,CA,6037,Los Angeles,6037272201,0.4693,,,,,,,,,,,,,,,,,,,,,,,,,,,,,
159,6,CALIFORNIA,CA,6037,Los Angeles,6037121600,0.4705,,,,,,,,,,,,,,,,,,,,,,,,,,,,,
358,6,CALIFORNIA,CA,6037,Los Angeles,6037181600,0.4709,,,,,,,,,,,,,,,,,,,,,,,,,,,,,
934,6,CALIFORNIA,CA,6037,Los Angeles,6037277200,0.4712,,,,,,,,,,,,,,,,,,,,,,,,,,,,,
1022,6,CALIFORNIA,CA,6037,Los Angeles,6037481901,0.4717,,,,,,,,,,,,,,,,,,,,,,,,,,,,,
376,6,CALIFORNIA,CA,6037,Los Angeles,6037185100,0.4723,,,,,,,,,,,,,,,,,,,,,,,,,,,,,
876,6,CALIFORNIA,CA,6037,Los Angeles,6037269601,0.474,,,,,,,,,,,,,,,,,,,,,,,,,,,,,
107,6,CALIFORNIA,CA,6037,Los Angeles,6037115201,0.4748,,,,,,,,,,,,,,,,,,,,,,,,,,,,,
906,6,CALIFORNIA,CA,6037,Los Angeles,6037273200,0.4749,,,,,,,,,,,,,,,,,,,,,,,,,,,,,
542,6,CALIFORNIA,CA,6037,Los Angeles,6037207302,0.4758,,,,,,,,,,,,,,,,,,,,,,,,,,,,,
188,6,CALIFORNIA,CA,6037,Los Angeles,6037123800,0.4759,,,,,,,,,,,,,,,,,,,,,,,,,,,,,
982,6,CALIFORNIA,CA,6037,Los Angeles,6037297202,0.4776,,,,,,,,,,,,,,,,,,,,,,,,,,,,,
987,6,CALIFORNIA,CA,6037,Los Angeles,6037297602,0.4779,,,,,,,,,,,,,,,,,,,,,,,,,,,,,
546,6,CALIFORNIA,CA,6037,Los Angeles,6037207710,0.4817,,,,,,,,,,,,,,,,,,,,,,,,,,,,,
76,6,CALIFORNIA,CA,6037,Los Angeles,6037109800,0.4822,,,,,,,,,,,,,,,,,,,,,,,,,,,,,
119,6,CALIFORNIA,CA,6037,Los Angeles,6037117302,0.4823,,,,,,,,,,,,,,,,,,,,,,,,,,,,,
532,6,CALIFORNIA,CA,6037,Los Angeles,6037206020,0.4835,,,,,,,,,,,,,,,,,,,,,,,,,,,,,
138,6,CALIFORNIA,CA,6037,Los Angeles,6037119700,0.4838,,,,,,,,,,,,,,,,,,,,,,,,,,,,,
292,6,CALIFORNIA,CA,6037,Los Angeles,6037134901,0.4841,,,,,,,,,,,,,,,,,,,,,,,,,,,,,
1085,6,CALIFORNIA,CA,6037,Los Angeles,6037602802,0.4847,,,,,,,,,,,,,,,,,,,,,,,,,,,,,
1075,6,CALIFORNIA,CA,6037,Los Angeles,6037600802,0.4883,,,,,,,,,,,,,,,,,,,,,,,,,,,,,
1104,6,CALIFORNIA,CA,6037,Los Angeles,6037700102,0.4901,,,,,,,,,,,,,,,,,,,,,,,,,,,,,
614,6,CALIFORNIA,CA,6037,Los Angeles,6037212800,0.4915,,,,,,,,,,,,,,,,,,,,,,,,,,,,,
99,6,CALIFORNIA,CA,6037,Los Angeles,6037113321,0.4917,,,,,,,,,,,,,,,,,,,,,,,,,,,,,
186,6,CALIFORNIA,CA,6037,Los Angeles,6037123602,0.4926,,,,,,,,,,,,,,,,,,,,,,,,,,,,,
475,6,CALIFORNIA,CA,6037,Los Angeles,6037195901,0.4939,,,,,,,,,,,,,,,,,,,,,,,,,,,,,
40,6,CALIFORNIA,CA,6037,Los Angeles,6037106112,0.4941,,,,,,,,,,,,,,,,,,,,,,,,,,,,,
592,6,CALIFORNIA,CA,6037,Los Angeles,6037211803,0.4949,,,,,,,,,,,,,,,,,,,,,,,,,,,,,
757,6,CALIFORNIA,CA,6037,Los Angeles,6037235100,0.4972,,,,,,,,,,,,,,,,,,,,,,,,,,,,,
588,6,CALIFORNIA,CA,6037,Los Angeles,6037211701,0.5005,,,,,,,,,,,,,,,,,,,,,,,,,,,,,
918,6,CALIFORNIA,CA,6037,Los Angeles,6037275200,0.501,,,,,,,,,,,,,,,,,,,,,,,,,,,,,
299,6,CALIFORNIA,CA,6037,Los Angeles,6037135114,0.5018,,,,,,,,,,,,,,,,,,,,,,,,,,,,,
541,6,CALIFORNIA,CA,6037,Los Angeles,6037207301,0.502,,,,,,,,,,,,,,,,,,,,,,,,,,,,,
877,6,CALIFORNIA,CA,6037,Los Angeles,6037269602,0.5044,,,,,,,,,,,,,,,,,,,,,,,,,,,,,
121,6,CALIFORNIA,CA,6037,Los Angeles,6037117404,0.5049,,,,,,,,,,,,,,,,,,,,,,,,,,,,,
109,6,CALIFORNIA,CA,6037,Los Angeles,6037115301,0.5051,,,,,,,,,,,,,,,,,,,,,,,,,,,,,
1078,6,CALIFORNIA,CA,6037,Los Angeles,6037601301,0.5059,,,,,,,,,,,,,,,,,,,,,,,,,,,,,
58,6,CALIFORNIA,CA,6037,Los Angeles,6037106649,0.5064,,,,,,,,,,,,,,,,,,,,,,,,,,,,,
641,6,CALIFORNIA,CA,6037,Los Angeles,6037216700,0.5074,,,,,,,,,,,,,,,,,,,,,,,,,,,,,
1019,6,CALIFORNIA,CA,6037,Los Angeles,6037480802,0.5085,,,,,,,,,,,,,,,,,,,,,,,,,,,,,
983,6,CALIFORNIA,CA,6037,Los Angeles,6037297300,0.509,,,,,,,,,,,,,,,,,,,,,,,,,,,,,
79,6,CALIFORNIA,CA,6037,Los Angeles,6037111202,0.5093,,,,,,,,,,,,,,,,,,,,,,,,,,,,,
43,6,CALIFORNIA,CA,6037,Los Angeles,6037106403,0.5094,,,,,,,,,,,,,,,,,,,,,,,,,,,,,
450,6,CALIFORNIA,CA,6037,Los Angeles,6037192420,0.5097,,,,,,,,,,,,,,,,,,,,,,,,,,,,,
192,6,CALIFORNIA,CA,6037,Los Angeles,6037124102,0.51,,,,,,,,,,,,,,,,,,,,,,,,,,,,,
567,6,CALIFORNIA,CA,6037,Los Angeles,6037209200,0.511,,,,,,,,,,,,,,,,,,,,,,,,,,,,,
1099,6,CALIFORNIA,CA,6037,Los Angeles,6037670001,0.5122,,,,,,,,,,,,,,,,,,,,,,,,,,,,,
446,6,CALIFORNIA,CA,6037,Los Angeles,6037192001,0.5125,,,,,,,,,,,,,,,,,,,,,,,,,,,,,
359,6,CALIFORNIA,CA,6037,Los Angeles,6037183101,0.5142,,,,,,,,,,,,,,,,,,,,,,,,,,,,,
490,6,CALIFORNIA,CA,6037,Los Angeles,6037199300,0.5147,,,,,,,,,,,,,,,,,,,,,,,,,,,,,
96,6,CALIFORNIA,CA,6037,Los Angeles,6037113237,0.5158,,,,,,,,,,,,,,,,,,,,,,,,,,,,,
279,6,CALIFORNIA,CA,6037,Los Angeles,6037134304,0.5159,,,,,,,,,,,,,,,,,,,,,,,,,,,,,
260,6,CALIFORNIA,CA,6037,Los Angeles,6037132001,0.5165,,,,,,,,,,,,,,,,,,,,,,,,,,,,,
1100,6,CALIFORNIA,CA,6037,Los Angeles,6037670002,0.5189,,,,,,,,,,,,,,,,,,,,,,,,,,,,,
255,6,CALIFORNIA,CA,6037,Los Angeles,6037131600,0.5204,,,,,,,,,,,,,,,,,,,,,,,,,,,,,
692,6,CALIFORNIA,CA,6037,Los Angeles,6037222700,0.5213,,,,,,,,,,,,,,,,,,,,,,,,,,,,,
41,6,CALIFORNIA,CA,6037,Los Angeles,6037106113,0.5214,,,,,,,,,,,,,,,,,,,,,,,,,,,,,
98,6,CALIFORNIA,CA,6037,Los Angeles,6037113303,0.5219,,,,,,,,,,,,,,,,,,,,,,,,,,,,,
178,6,CALIFORNIA,CA,6037,Los Angeles,6037123301,0.5236,,,,,,,,,,,,,,,,,,,,,,,,,,,,,
15,6,CALIFORNIA,CA,6037,Los Angeles,6037103400,0.5241,,,,,,,,,,,,,,,,,,,,,,,,,,,,,
652,6,CALIFORNIA,CA,6037,Los Angeles,6037218300,0.5242,,,,,,,,,,,,,,,,,,,,,,,,,,,,,
6,6,CALIFORNIA,CA,6037,Los Angeles,6037101400,0.5286,,,,,,,,,,,,,,,,,,,,,,,,,,,,,
991,6,CALIFORNIA,CA,6037,Los Angeles,6037301000,0.5312,,,,,,,,,,,,,,,,,,,,,,,,,,,,,
1020,6,CALIFORNIA,CA,6037,Los Angeles,6037480803,0.5318,,,,,,,,,,,,,,,,,,,,,,,,,,,,,
1021,6,CALIFORNIA,CA,6037,Los Angeles,6037480804,0.5325,,,,,,,,,,,,,,,,,,,,,,,,,,,,,
205,6,CALIFORNIA,CA,6037,Los Angeles,6037124903,0.5336,,,,,,,,,,,,,,,,,,,,,,,,,,,,,
278,6,CALIFORNIA,CA,6037,Los Angeles,6037134303,0.5364,,,,,,,,,,,,,,,,,,,,,,,,,,,,,
324,6,CALIFORNIA,CA,6037,Los Angeles,6037139504,0.5379,,,,,,,,,,,,,,,,,,,,,,,,,,,,,
886,6,CALIFORNIA,CA,6037,Los Angeles,6037270200,0.5386,,,,,,,,,,,,,,,,,,,,,,,,,,,,,
113,6,CALIFORNIA,CA,6037,Los Angeles,6037115404,0.5423,,,,,,,,,,,,,,,,,,,,,,,,,,,,,
478,6,CALIFORNIA,CA,6037,Los Angeles,6037197200,0.5426,,,,,,,,,,,,,,,,,,,,,,,,,,,,,
418,6,CALIFORNIA,CA,6037,Los Angeles,6037190401,0.5438,,,,,,,,,,,,,,,,,,,,,,,,,,,,,
850,6,CALIFORNIA,CA,6037,Los Angeles,6037265304,0.545,,,,,,,,,,,,,,,,,,,,,,,,,,,,,
1054,6,CALIFORNIA,CA,6037,Los Angeles,6037543400,0.546,,,,,,,,,,,,,,,,,,,,,,,,,,,,,
365,6,CALIFORNIA,CA,6037,Los Angeles,6037183300,0.5465,,,,,,,,,,,,,,,,,,,,,,,,,,,,,
368,6,CALIFORNIA,CA,6037,Los Angeles,6037183510,0.5469,,,,,,,,,,,,,,,,,,,,,,,,,,,,,
474,6,CALIFORNIA,CA,6037,Los Angeles,6037195804,0.5474,,,,,,,,,,,,,,,,,,,,,,,,,,,,,
1095,6,CALIFORNIA,CA,6037,Los Angeles,6037650101,0.55,,,,,,,,,,,,,,,,,,,,,,,,,,,,,
37,6,CALIFORNIA,CA,6037,Los Angeles,6037106010,0.5502,,,,,,,,,,,,,,,,,,,,,,,,,,,,,
106,6,CALIFORNIA,CA,6037,Los Angeles,6037115104,0.5505,,,,,,,,,,,,,,,,,,,,,,,,,,,,,
197,6,CALIFORNIA,CA,6037,Los Angeles,6037124203,0.5527,,,,,,,,,,,,,,,,,,,,,,,,,,,,,
669,6,CALIFORNIA,CA,6037,Los Angeles,6037220100,0.5534,,,,,,,,,,,,,,,,,,,,,,,,,,,,,
59,6,CALIFORNIA,CA,6037,Los Angeles,6037107010,0.5539,,,,,,,,,,,,,,,,,,,,,,,,,,,,,
904,6,CALIFORNIA,CA,6037,Los Angeles,6037272302,0.5572,,,,,,,,,,,,,,,,,,,,,,,,,,,,,
993,6,CALIFORNIA,CA,6037,Los Angeles,6037301602,0.5602,,,,,,,,,,,,,,,,,,,,,,,,,,,,,
482,6,CALIFORNIA,CA,6037,Los Angeles,6037197500,0.5608,,,,,,,,,,,,,,,,,,,,,,,,,,,,,
8,6,CALIFORNIA,CA,6037,Los Angeles,6037102104,0.5611,,,,,,,,,,,,,,,,,,,,,,,,,,,,,
364,6,CALIFORNIA,CA,6037,Los Angeles,6037183222,0.5612,,,,,,,,,,,,,,,,,,,,,,,,,,,,,
16,6,CALIFORNIA,CA,6037,Los Angeles,6037104103,0.5613,,,,,,,,,,,,,,,,,,,,,,,,,,,,,
903,6,CALIFORNIA,CA,6037,Los Angeles,6037272301,0.5623,,,,,,,,,,,,,,,,,,,,,,,,,,,,,
417,6,CALIFORNIA,CA,6037,Los Angeles,6037190301,0.5629,,,,,,,,,,,,,,,,,,,,,,,,,,,,,
481,6,CALIFORNIA,CA,6037,Los Angeles,6037197420,0.5641,,,,,,,,,,,,,,,,,,,,,,,,,,,,,
591,6,CALIFORNIA,CA,6037,Los Angeles,6037211802,0.5642,,,,,,,,,,,,,,,,,,,,,,,,,,,,,
115,6,CALIFORNIA,CA,6037,Los Angeles,6037117102,0.5643,,,,,,,,,,,,,,,,,,,,,,,,,,,,,
97,6,CALIFORNIA,CA,6037,Los Angeles,6037113301,0.5681,,,,,,,,,,,,,,,,,,,,,,,,,,,,,
228,6,CALIFORNIA,CA,6037,Los Angeles,6037127712,0.5696,,,,,,,,,,,,,,,,,,,,,,,,,,,,,
579,6,CALIFORNIA,CA,6037,Los Angeles,6037211121,0.5697,,,,,,,,,,,,,,,,,,,,,,,,,,,,,
114,6,CALIFORNIA,CA,6037,Los Angeles,6037117101,0.5718,,,,,,,,,,,,,,,,,,,,,,,,,,,,,
597,6,CALIFORNIA,CA,6037,Los Angeles,6037212101,0.5745,,,,,,,,,,,,,,,,,,,,,,,,,,,,,
639,6,CALIFORNIA,CA,6037,Los Angeles,6037216401,0.5762,,,,,,,,,,,,,,,,,,,,,,,,,,,,,
253,6,CALIFORNIA,CA,6037,Los Angeles,6037131300,0.5776,,,,,,,,,,,,,,,,,,,,,,,,,,,,,
1069,6,CALIFORNIA,CA,6037,Los Angeles,6037600302,0.5779,,,,,,,,,,,,,,,,,,,,,,,,,,,,,
422,6,CALIFORNIA,CA,6037,Los Angeles,6037190700,0.5781,,,,,,,,,,,,,,,,,,,,,,,,,,,,,
1146,6,CALIFORNIA,CA,6037,Los Angeles,6037920312,0.579,,,,,,,,,,,,,,,,,,,,,,,,,,,,,
208,6,CALIFORNIA,CA,6037,Los Angeles,6037125310,0.5796,,,,,,,,,,,,,,,,,,,,,,,,,,,,,
473,6,CALIFORNIA,CA,6037,Los Angeles,6037195803,0.5797,,,,,,,,,,,,,,,,,,,,,,,,,,,,,
393,6,CALIFORNIA,CA,6037,Los Angeles,6037187200,0.5825,,,,,,,,,,,,,,,,,,,,,,,,,,,,,
319,6,CALIFORNIA,CA,6037,Los Angeles,6037139303,0.5834,,,,,,,,,,,,,,,,,,,,,,,,,,,,,
275,6,CALIFORNIA,CA,6037,Los Angeles,6037134104,0.5858,,,,,,,,,,,,,,,,,,,,,,,,,,,,,
1011,6,CALIFORNIA,CA,6037,Los Angeles,6037320202,0.5866,,,,,,,,,,,,,,,,,,,,,,,,,,,,,
60,6,CALIFORNIA,CA,6037,Los Angeles,6037107020,0.5868,,,,,,,,,,,,,,,,,,,,,,,,,,,,,
306,6,CALIFORNIA,CA,6037,Los Angeles,6037137201,0.587,,,,,,,,,,,,,,,,,,,,,,,,,,,,,
34,6,CALIFORNIA,CA,6037,Los Angeles,6037104810,0.5883,,,,,,,,,,,,,,,,,,,,,,,,,,,,,
157,6,CALIFORNIA,CA,6037,Los Angeles,6037121221,0.5899,,,,,,,,,,,,,,,,,,,,,,,,,,,,,
419,6,CALIFORNIA,CA,6037,Los Angeles,6037190402,0.5937,,,,,,,,,,,,,,,,,,,,,,,,,,,,,
19,6,CALIFORNIA,CA,6037,Los Angeles,6037104124,0.5949,,,,,,,,,,,,,,,,,,,,,,,,,,,,,
195,6,CALIFORNIA,CA,6037,Los Angeles,6037124105,0.595,,,,,,,,,,,,,,,,,,,,,,,,,,,,,
1061,6,CALIFORNIA,CA,6037,Los Angeles,6037544002,0.5962,,,,,,,,,,,,,,,,,,,,,,,,,,,,,
651,6,CALIFORNIA,CA,6037,Los Angeles,6037218220,0.5965,,,,,,,,,,,,,,,,,,,,,,,,,,,,,
360,6,CALIFORNIA,CA,6037,Los Angeles,6037183103,0.599,,,,,,,,,,,,,,,,,,,,,,,,,,,,,
30,6,CALIFORNIA,CA,6037,Los Angeles,6037104620,0.5997,,,,,,,,,,,,,,,,,,,,,,,,,,,,,
267,6,CALIFORNIA,CA,6037,Los Angeles,6037132700,0.6016,,,,,,,,,,,,,,,,,,,,,,,,,,,,,
238,6,CALIFORNIA,CA,6037,Los Angeles,6037128220,0.6029,,,,,,,,,,,,,,,,,,,,,,,,,,,,,
372,6,CALIFORNIA,CA,6037,Los Angeles,6037183701,0.6047,,,,,,,,,,,,,,,,,,,,,,,,,,,,,
140,6,CALIFORNIA,CA,6037,Los Angeles,6037119900,0.6048,,,,,,,,,,,,,,,,,,,,,,,,,,,,,
187,6,CALIFORNIA,CA,6037,Los Angeles,6037123700,0.6074,,,,,,,,,,,,,,,,,,,,,,,,,,,,,
981,6,CALIFORNIA,CA,6037,Los Angeles,6037297201,0.6085,,,,,,,,,,,,,,,,,,,,,,,,,,,,,
194,6,CALIFORNIA,CA,6037,Los Angeles,6037124104,0.6097,,,,,,,,,,,,,,,,,,,,,,,,,,,,,
667,6,CALIFORNIA,CA,6037,Los Angeles,6037219902,0.6101,,,,,,,,,,,,,,,,,,,,,,,,,,,,,
200,6,CALIFORNIA,CA,6037,Los Angeles,6037124400,0.6112,,,,,,,,,,,,,,,,,,,,,,,,,,,,,
434,6,CALIFORNIA,CA,6037,Los Angeles,6037191302,0.6122,,,,,,,,,,,,,,,,,,,,,,,,,,,,,
660,6,CALIFORNIA,CA,6037,Los Angeles,6037219010,0.6145,,,,,,,,,,,,,,,,,,,,,,,,,,,,,
128,6,CALIFORNIA,CA,6037,Los Angeles,6037119001,0.6162,,,,,,,,,,,,,,,,,,,,,,,,,,,,,
101,6,CALIFORNIA,CA,6037,Los Angeles,6037113401,0.6166,,,,,,,,,,,,,,,,,,,,,,,,,,,,,
1058,6,CALIFORNIA,CA,6037,Los Angeles,6037543602,0.6205,,,,,,,,,,,,,,,,,,,,,,,,,,,,,
949,6,CALIFORNIA,CA,6037,Los Angeles,6037293304,0.6214,,,,,,,,,,,,,,,,,,,,,,,,,,,,,
1009,6,CALIFORNIA,CA,6037,Los Angeles,6037320100,0.6219,,,,,,,,,,,,,,,,,,,,,,,,,,,,,
1063,6,CALIFORNIA,CA,6037,Los Angeles,6037572600,0.6222,,,,,,,,,,,,,,,,,,,,,,,,,,,,,
436,6,CALIFORNIA,CA,6037,Los Angeles,6037191420,0.6239,,,,,,,,,,,,,,,,,,,,,,,,,,,,,
391,6,CALIFORNIA,CA,6037,Los Angeles,6037187101,0.6245,,,,,,,,,,,,,,,,,,,,,,,,,,,,,
1088,6,CALIFORNIA,CA,6037,Los Angeles,6037603101,0.6249,,,,,,,,,,,,,,,,,,,,,,,,,,,,,
668,6,CALIFORNIA,CA,6037,Los Angeles,6037220000,0.6253,,,,,,,,,,,,,,,,,,,,,,,,,,,,,
152,6,CALIFORNIA,CA,6037,Los Angeles,6037121010,0.6258,,,,,,,,,,,,,,,,,,,,,,,,,,,,,
647,6,CALIFORNIA,CA,6037,Los Angeles,6037217200,0.6264,,,,,,,,,,,,,,,,,,,,,,,,,,,,,
111,6,CALIFORNIA,CA,6037,Los Angeles,6037115401,0.6265,,,,,,,,,,,,,,,,,,,,,,,,,,,,,
45,6,CALIFORNIA,CA,6037,Los Angeles,6037106406,0.6275,,,,,,,,,,,,,,,,,,,,,,,,,,,,,
557,6,CALIFORNIA,CA,6037,Los Angeles,6037208710,0.6291,,,,,,,,,,,,,,,,,,,,,,,,,,,,,
504,6,CALIFORNIA,CA,6037,Los Angeles,6037201504,0.6306,,,,,,,,,,,,,,,,,,,,,,,,,,,,,
153,6,CALIFORNIA,CA,6037,Los Angeles,6037121020,0.6309,,,,,,,,,,,,,,,,,,,,,,,,,,,,,
84,6,CALIFORNIA,CA,6037,Los Angeles,6037111302,0.6311,,,,,,,,,,,,,,,,,,,,,,,,,,,,,
994,6,CALIFORNIA,CA,6037,Los Angeles,6037301702,0.6319,,,,,,,,,,,,,,,,,,,,,,,,,,,,,
83,6,CALIFORNIA,CA,6037,Los Angeles,6037111301,0.633,,,,,,,,,,,,,,,,,,,,,,,,,,,,,
596,6,CALIFORNIA,CA,6037,Los Angeles,6037211922,0.6345,,,,,,,,,,,,,,,,,,,,,,,,,,,,,
589,6,CALIFORNIA,CA,6037,Los Angeles,6037211703,0.6349,,,,,,,,,,,,,,,,,,,,,,,,,,,,,
70,6,CALIFORNIA,CA,6037,Los Angeles,6037109400,0.6354,,,,,,,,,,,,,,,,,,,,,,,,,,,,,
235,6,CALIFORNIA,CA,6037,Los Angeles,6037128101,0.6364,,,,,,,,,,,,,,,,,,,,,,,,,,,,,
1098,6,CALIFORNIA,CA,6037,Los Angeles,6037651001,0.6369,,,,,,,,,,,,,,,,,,,,,,,,,,,,,
420,6,CALIFORNIA,CA,6037,Los Angeles,6037190510,0.6377,,,,,,,,,,,,,,,,,,,,,,,,,,,,,
472,6,CALIFORNIA,CA,6037,Los Angeles,6037195802,0.6383,,,,,,,,,,,,,,,,,,,,,,,,,,,,,
154,6,CALIFORNIA,CA,6037,Los Angeles,6037121101,0.6393,,,,,,,,,,,,,,,,,,,,,,,,,,,,,
199,6,CALIFORNIA,CA,6037,Los Angeles,6037124300,0.641,,,,,,,,,,,,,,,,,,,,,,,,,,,,,
150,6,CALIFORNIA,CA,6037,Los Angeles,6037120300,0.6414,,,,,,,,,,,,,,,,,,,,,,,,,,,,,
586,6,CALIFORNIA,CA,6037,Los Angeles,6037211420,0.6427,,,,,,,,,,,,,,,,,,,,,,,,,,,,,
226,6,CALIFORNIA,CA,6037,Los Angeles,6037127606,0.6429,,,,,,,,,,,,,,,,,,,,,,,,,,,,,
590,6,CALIFORNIA,CA,6037,Los Angeles,6037211704,0.6432,,,,,,,,,,,,,,,,,,,,,,,,,,,,,
595,6,CALIFORNIA,CA,6037,Los Angeles,6037211921,0.6433,,,,,,,,,,,,,,,,,,,,,,,,,,,,,
608,6,CALIFORNIA,CA,6037,Los Angeles,6037212501,0.6434,,,,,,,,,,,,,,,,,,,,,,,,,,,,,
1083,6,CALIFORNIA,CA,6037,Los Angeles,6037602200,0.6448,,,,,,,,,,,,,,,,,,,,,,,,,,,,,
935,6,CALIFORNIA,CA,6037,Los Angeles,6037277400,0.6467,,,,,,,,,,,,,,,,,,,,,,,,,,,,,
276,6,CALIFORNIA,CA,6037,Los Angeles,6037134201,0.6468,,,,,,,,,,,,,,,,,,,,,,,,,,,,,
48,6,CALIFORNIA,CA,6037,Los Angeles,6037106510,0.6474,,,,,,,,,,,,,,,,,,,,,,,,,,,,,
954,6,CALIFORNIA,CA,6037,Los Angeles,6037294200,0.6483,,,,,,,,,,,,,,,,,,,,,,,,,,,,,
701,6,CALIFORNIA,CA,6037,Los Angeles,6037224700,0.6484,,,,,,,,,,,,,,,,,,,,,,,,,,,,,
209,6,CALIFORNIA,CA,6037,Los Angeles,6037125320,0.6498,,,,,,,,,,,,,,,,,,,,,,,,,,,,,
609,6,CALIFORNIA,CA,6037,Los Angeles,6037212502,0.6507,,,,,,,,,,,,,,,,,,,,,,,,,,,,,
654,6,CALIFORNIA,CA,6037,Los Angeles,6037218500,0.6515,,,,,,,,,,,,,,,,,,,,,,,,,,,,,
258,6,CALIFORNIA,CA,6037,Los Angeles,6037131800,0.652,,,,,,,,,,,,,,,,,,,,,,,,,,,,,
196,6,CALIFORNIA,CA,6037,Los Angeles,6037124201,0.6525,,,,,,,,,,,,,,,,,,,,,,,,,,,,,
250,6,CALIFORNIA,CA,6037,Los Angeles,6037131020,0.653,,,,,,,,,,,,,,,,,,,,,,,,,,,,,
653,6,CALIFORNIA,CA,6037,Los Angeles,6037218400,0.6533,,,,,,,,,,,,,,,,,,,,,,,,,,,,,
610,6,CALIFORNIA,CA,6037,Los Angeles,6037212610,0.654,,,,,,,,,,,,,,,,,,,,,,,,,,,,,
777,6,CALIFORNIA,CA,6037,Los Angeles,6037237800,0.655,,,,,,,,,,,,,,,,,,,,,,,,,,,,,
184,6,CALIFORNIA,CA,6037,Los Angeles,6037123520,0.6551,,,,,,,,,,,,,,,,,,,,,,,,,,,,,
387,6,CALIFORNIA,CA,6037,Los Angeles,6037186302,0.6565,,,,,,,,,,,,,,,,,,,,,,,,,,,,,
264,6,CALIFORNIA,CA,6037,Los Angeles,6037132300,0.6567,,,,,,,,,,,,,,,,,,,,,,,,,,,,,
155,6,CALIFORNIA,CA,6037,Los Angeles,6037121102,0.6575,,,,,,,,,,,,,,,,,,,,,,,,,,,,,
367,6,CALIFORNIA,CA,6037,Los Angeles,6037183402,0.6582,,,,,,,,,,,,,,,,,,,,,,,,,,,,,
172,6,CALIFORNIA,CA,6037,Los Angeles,6037123103,0.6592,,,,,,,,,,,,,,,,,,,,,,,,,,,,,
163,6,CALIFORNIA,CA,6037,Los Angeles,6037122000,0.6596,,,,,,,,,,,,,,,,,,,,,,,,,,,,,
442,6,CALIFORNIA,CA,6037,Los Angeles,6037191810,0.6602,,,,,,,,,,,,,,,,,,,,,,,,,,,,,
270,6,CALIFORNIA,CA,6037,Los Angeles,6037133100,0.6614,,,,,,,,,,,,,,,,,,,,,,,,,,,,,
545,6,CALIFORNIA,CA,6037,Los Angeles,6037207502,0.6616,,,,,,,,,,,,,,,,,,,,,,,,,,,,,
271,6,CALIFORNIA,CA,6037,Los Angeles,6037134001,0.6621,,,,,,,,,,,,,,,,,,,,,,,,,,,,,
189,6,CALIFORNIA,CA,6037,Los Angeles,6037123901,0.6627,,,,,,,,,,,,,,,,,,,,,,,,,,,,,
543,6,CALIFORNIA,CA,6037,Los Angeles,6037207400,0.6641,,,,,,,,,,,,,,,,,,,,,,,,,,,,,
578,6,CALIFORNIA,CA,6037,Los Angeles,6037211120,0.6644,,,,,,,,,,,,,,,,,,,,,,,,,,,,,
484,6,CALIFORNIA,CA,6037,Los Angeles,6037197700,0.6656,,,,,,,,,,,,,,,,,,,,,,,,,,,,,
1049,6,CALIFORNIA,CA,6037,Los Angeles,6037540800,0.6666,,,,,,,,,,,,,,,,,,,,,,,,,,,,,
1043,6,CALIFORNIA,CA,6037,Los Angeles,6037535607,0.6684,,,,,,,,,,,,,,,,,,,,,,,,,,,,,
1057,6,CALIFORNIA,CA,6037,Los Angeles,6037543503,0.6699,,,,,,,,,,,,,,,,,,,,,,,,,,,,,
85,6,CALIFORNIA,CA,6037,Los Angeles,6037111400,0.6705,,,,,,,,,,,,,,,,,,,,,,,,,,,,,
103,6,CALIFORNIA,CA,6037,Los Angeles,6037113422,0.6713,,,,,,,,,,,,,,,,,,,,,,,,,,,,,
606,6,CALIFORNIA,CA,6037,Los Angeles,6037212410,0.6716,,,,,,,,,,,,,,,,,,,,,,,,,,,,,
112,6,CALIFORNIA,CA,6037,Los Angeles,6037115403,0.6729,,,,,,,,,,,,,,,,,,,,,,,,,,,,,
373,6,CALIFORNIA,CA,6037,Los Angeles,6037183702,0.6739,,,,,,,,,,,,,,,,,,,,,,,,,,,,,
273,6,CALIFORNIA,CA,6037,Los Angeles,6037134101,0.6745,,,,,,,,,,,,,,,,,,,,,,,,,,,,,
620,6,CALIFORNIA,CA,6037,Los Angeles,6037213320,0.6758,,,,,,,,,,,,,,,,,,,,,,,,,,,,,
139,6,CALIFORNIA,CA,6037,Los Angeles,6037119800,0.6762,,,,,,,,,,,,,,,,,,,,,,,,,,,,,
655,6,CALIFORNIA,CA,6037,Los Angeles,6037218600,0.6767,,,,,,,,,,,,,,,,,,,,,,,,,,,,,
243,6,CALIFORNIA,CA,6037,Los Angeles,6037128601,0.6775,,,,,,,,,,,,,,,,,,,,,,,,,,,,,
290,6,CALIFORNIA,CA,6037,Los Angeles,6037134720,0.6778,,,,,,,,,,,,,,,,,,,,,,,,,,,,,
1046,6,CALIFORNIA,CA,6037,Los Angeles,6037540501,0.678,,,,,,,,,,,,,,,,,,,,,,,,,,,,,
234,6,CALIFORNIA,CA,6037,Los Angeles,6037127920,0.6785,,,,,,,,,,,,,,,,,,,,,,,,,,,,,
1101,6,CALIFORNIA,CA,6037,Los Angeles,6037670100,0.6792,,,,,,,,,,,,,,,,,,,,,,,,,,,,,
13,6,CALIFORNIA,CA,6037,Los Angeles,6037103200,0.6798,,,,,,,,,,,,,,,,,,,,,,,,,,,,,
940,6,CALIFORNIA,CA,6037,Los Angeles,6037291130,0.68,,,,,,,,,,,,,,,,,,,,,,,,,,,,,
230,6,CALIFORNIA,CA,6037,Los Angeles,6037127804,0.6803,,,,,,,,,,,,,,,,,,,,,,,,,,,,,
28,6,CALIFORNIA,CA,6037,Los Angeles,6037104500,0.6833,,,,,,,,,,,,,,,,,,,,,,,,,,,,,
294,6,CALIFORNIA,CA,6037,Los Angeles,6037134904,0.6841,,,,,,,,,,,,,,,,,,,,,,,,,,,,,
469,6,CALIFORNIA,CA,6037,Los Angeles,6037195600,0.6842,,,,,,,,,,,,,,,,,,,,,,,,,,,,,
1157,6,CALIFORNIA,CA,6037,Los Angeles,6037980015,0.6856,,,,,,,,,,,,,,,,,,,,,,,,,,,,,
383,6,CALIFORNIA,CA,6037,Los Angeles,6037186201,0.6866,,,,,,,,,,,,,,,,,,,,,,,,,,,,,
1044,6,CALIFORNIA,CA,6037,Los Angeles,6037540300,0.6868,,,,,,,,,,,,,,,,,,,,,,,,,,,,,
917,6,CALIFORNIA,CA,6037,Los Angeles,6037275102,0.6882,,,,,,,,,,,,,,,,,,,,,,,,,,,,,
254,6,CALIFORNIA,CA,6037,Los Angeles,6037131400,0.6894,,,,,,,,,,,,,,,,,,,,,,,,,,,,,
497,6,CALIFORNIA,CA,6037,Los Angeles,6037201200,0.6899,,,,,,,,,,,,,,,,,,,,,,,,,,,,,
366,6,CALIFORNIA,CA,6037,Los Angeles,6037183401,0.6913,,,,,,,,,,,,,,,,,,,,,,,,,,,,,
424,6,CALIFORNIA,CA,6037,Los Angeles,6037190802,0.6916,,,,,,,,,,,,,,,,,,,,,,,,,,,,,
598,6,CALIFORNIA,CA,6037,Los Angeles,6037212102,0.6922,,,,,,,,,,,,,,,,,,,,,,,,,,,,,
4,6,CALIFORNIA,CA,6037,Los Angeles,6037101220,0.6927,,,,,,,,,,,,,,,,,,,,,,,,,,,,,
257,6,CALIFORNIA,CA,6037,Los Angeles,6037131702,0.6951,,,,,,,,,,,,,,,,,,,,,,,,,,,,,
580,6,CALIFORNIA,CA,6037,Los Angeles,6037211122,0.696,,,,,,,,,,,,,,,,,,,,,,,,,,,,,
185,6,CALIFORNIA,CA,6037,Los Angeles,6037123601,0.6961,,,,,,,,,,,,,,,,,,,,,,,,,,,,,
198,6,CALIFORNIA,CA,6037,Los Angeles,6037124204,0.6966,,,,,,,,,,,,,,,,,,,,,,,,,,,,,
505,6,CALIFORNIA,CA,6037,Los Angeles,6037201601,0.6982,,,,,,,,,,,,,,,,,,,,,,,,,,,,,
999,6,CALIFORNIA,CA,6037,Los Angeles,6037302506,0.7005,,,,,,,,,,,,,,,,,,,,,,,,,,,,,
131,6,CALIFORNIA,CA,6037,Los Angeles,6037119202,0.7007,,,,,,,,,,,,,,,,,,,,,,,,,,,,,
977,6,CALIFORNIA,CA,6037,Los Angeles,6037296902,0.7012,,,,,,,,,,,,,,,,,,,,,,,,,,,,,
686,6,CALIFORNIA,CA,6037,Los Angeles,6037222001,0.703,,,,,,,,,,,,,,,,,,,,,,,,,,,,,
703,6,CALIFORNIA,CA,6037,Los Angeles,6037226002,0.7046,,,,,,,,,,,,,,,,,,,,,,,,,,,,,
217,6,CALIFORNIA,CA,6037,Los Angeles,6037127104,0.705,,,,,,,,,,,,,,,,,,,,,,,,,,,,,
204,6,CALIFORNIA,CA,6037,Los Angeles,6037124902,0.7054,,,,,,,,,,,,,,,,,,,,,,,,,,,,,
433,6,CALIFORNIA,CA,6037,Los Angeles,6037191301,0.7062,,,,,,,,,,,,,,,,,,,,,,,,,,,,,
754,6,CALIFORNIA,CA,6037,Los Angeles,6037234800,0.7064,,,,,,,,,,,,,,,,,,,,,,,,,,,,,
770,6,CALIFORNIA,CA,6037,Los Angeles,6037237300,0.707,,,,,,,,,,,,,,,,,,,,,,,,,,,,,
779,6,CALIFORNIA,CA,6037,Los Angeles,6037238000,0.7076,,,,,,,,,,,,,,,,,,,,,,,,,,,,,
593,6,CALIFORNIA,CA,6037,Los Angeles,6037211804,0.7077,,,,,,,,,,,,,,,,,,,,,,,,,,,,,
1025,6,CALIFORNIA,CA,6037,Los Angeles,6037530801,0.7081,,,,,,,,,,,,,,,,,,,,,,,,,,,,,
220,6,CALIFORNIA,CA,6037,Los Angeles,6037127300,0.7093,,,,,,,,,,,,,,,,,,,,,,,,,,,,,
130,6,CALIFORNIA,CA,6037,Los Angeles,6037119201,0.711,,,,,,,,,,,,,,,,,,,,,,,,,,,,,
452,6,CALIFORNIA,CA,6037,Los Angeles,6037192520,0.7118,,,,,,,,,,,,,,,,,,,,,,,,,,,,,
951,6,CALIFORNIA,CA,6037,Los Angeles,6037293307,0.7119,,,,,,,,,,,,,,,,,,,,,,,,,,,,,
274,6,CALIFORNIA,CA,6037,Los Angeles,6037134103,0.7124,,,,,,,,,,,,,,,,,,,,,,,,,,,,,
177,6,CALIFORNIA,CA,6037,Los Angeles,6037123206,0.7138,,,,,,,,,,,,,,,,,,,,,,,,,,,,,
23,6,CALIFORNIA,CA,6037,Los Angeles,6037104310,0.714,,,,,,,,,,,,,,,,,,,,,,,,,,,,,
176,6,CALIFORNIA,CA,6037,Los Angeles,6037123205,0.717,,,,,,,,,,,,,,,,,,,,,,,,,,,,,
747,6,CALIFORNIA,CA,6037,Los Angeles,6037234000,0.7173,,,,,,,,,,,,,,,,,,,,,,,,,,,,,
778,6,CALIFORNIA,CA,6037,Los Angeles,6037237900,0.7184,,,,,,,,,,,,,,,,,,,,,,,,,,,,,
948,6,CALIFORNIA,CA,6037,Los Angeles,6037293302,0.7222,,,,,,,,,,,,,,,,,,,,,,,,,,,,,
507,6,CALIFORNIA,CA,6037,Los Angeles,6037201700,0.7227,,,,,,,,,,,,,,,,,,,,,,,,,,,,,
780,6,CALIFORNIA,CA,6037,Los Angeles,6037238100,0.7228,,,,,,,,,,,,,,,,,,,,,,,,,,,,,
1087,6,CALIFORNIA,CA,6037,Los Angeles,6037603004,0.7237,,,,,,,,,,,,,,,,,,,,,,,,,,,,,
26,6,CALIFORNIA,CA,6037,Los Angeles,6037104403,0.724,,,,,,,,,,,,,,,,,,,,,,,,,,,,,
1,6,CALIFORNIA,CA,6037,Los Angeles,6037101110,0.7248,,,,,,,,,,,,,,,,,,,,,,,,,,,,,
281,6,CALIFORNIA,CA,6037,Los Angeles,6037134306,0.7253,,,,,,,,,,,,,,,,,,,,,,,,,,,,,
269,6,CALIFORNIA,CA,6037,Los Angeles,6037133000,0.7254,,,,,,,,,,,,,,,,,,,,,,,,,,,,,
221,6,CALIFORNIA,CA,6037,Los Angeles,6037127400,0.7256,,,,,,,,,,,,,,,,,,,,,,,,,,,,,
594,6,CALIFORNIA,CA,6037,Los Angeles,6037211910,0.7268,,,,,,,,,,,,,,,,,,,,,,,,,,,,,
249,6,CALIFORNIA,CA,6037,Los Angeles,6037131010,0.7282,,,,,,,,,,,,,,,,,,,,,,,,,,,,,
25,6,CALIFORNIA,CA,6037,Los Angeles,6037104401,0.7288,,,,,,,,,,,,,,,,,,,,,,,,,,,,,
1026,6,CALIFORNIA,CA,6037,Los Angeles,6037530901,0.7292,,,,,,,,,,,,,,,,,,,,,,,,,,,,,
656,6,CALIFORNIA,CA,6037,Los Angeles,6037218701,0.7309,,,,,,,,,,,,,,,,,,,,,,,,,,,,,
256,6,CALIFORNIA,CA,6037,Los Angeles,6037131701,0.7317,,,,,,,,,,,,,,,,,,,,,,,,,,,,,
428,6,CALIFORNIA,CA,6037,Los Angeles,6037191110,0.7328,,,,,,,,,,,,,,,,,,,,,,,,,,,,,
263,6,CALIFORNIA,CA,6037,Los Angeles,6037132102,0.7348,,,,,,,,,,,,,,,,,,,,,,,,,,,,,
20,6,CALIFORNIA,CA,6037,Los Angeles,6037104201,0.7352,,,,,,,,,,,,,,,,,,,,,,,,,,,,,
496,6,CALIFORNIA,CA,6037,Los Angeles,6037201120,0.7357,,,,,,,,,,,,,,,,,,,,,,,,,,,,,
976,6,CALIFORNIA,CA,6037,Los Angeles,6037296901,0.7366,,,,,,,,,,,,,,,,,,,,,,,,,,,,,
356,6,CALIFORNIA,CA,6037,Los Angeles,6037181400,0.738,,,,,,,,,,,,,,,,,,,,,,,,,,,,,
440,6,CALIFORNIA,CA,6037,Los Angeles,6037191710,0.7386,,,,,,,,,,,,,,,,,,,,,,,,,,,,,
318,6,CALIFORNIA,CA,6037,Los Angeles,6037139302,0.739,,,,,,,,,,,,,,,,,,,,,,,,,,,,,
1089,6,CALIFORNIA,CA,6037,Los Angeles,6037603102,0.7402,,,,,,,,,,,,,,,,,,,,,,,,,,,,,
35,6,CALIFORNIA,CA,6037,Los Angeles,6037104821,0.7403,,,,,,,,,,,,,,,,,,,,,,,,,,,,,
29,6,CALIFORNIA,CA,6037,Los Angeles,6037104610,0.7411,,,,,,,,,,,,,,,,,,,,,,,,,,,,,
781,6,CALIFORNIA,CA,6037,Los Angeles,6037238200,0.7415,,,,,,,,,,,,,,,,,,,,,,,,,,,,,
489,6,CALIFORNIA,CA,6037,Los Angeles,6037199202,0.7426,,,,,,,,,,,,,,,,,,,,,,,,,,,,,
1079,6,CALIFORNIA,CA,6037,Los Angeles,6037601302,0.7427,,,,,,,,,,,,,,,,,,,,,,,,,,,,,
658,6,CALIFORNIA,CA,6037,Los Angeles,6037218800,0.7435,,,,,,,,,,,,,,,,,,,,,,,,,,,,,
730,6,CALIFORNIA,CA,6037,Los Angeles,6037231300,0.7441,,,,,,,,,,,,,,,,,,,,,,,,,,,,,
952,6,CALIFORNIA,CA,6037,Los Angeles,6037294110,0.7449,,,,,,,,,,,,,,,,,,,,,,,,,,,,,
165,6,CALIFORNIA,CA,6037,Los Angeles,6037122121,0.7456,,,,,,,,,,,,,,,,,,,,,,,,,,,,,
992,6,CALIFORNIA,CA,6037,Los Angeles,6037301601,0.746,,,,,,,,,,,,,,,,,,,,,,,,,,,,,
415,6,CALIFORNIA,CA,6037,Los Angeles,6037190201,0.7472,,,,,,,,,,,,,,,,,,,,,,,,,,,,,
167,6,CALIFORNIA,CA,6037,Los Angeles,6037122200,0.7476,,,,,,,,,,,,,,,,,,,,,,,,,,,,,
102,6,CALIFORNIA,CA,6037,Los Angeles,6037113421,0.7494,,,,,,,,,,,,,,,,,,,,,,,,,,,,,
215,6,CALIFORNIA,CA,6037,Los Angeles,6037127102,0.7509,,,,,,,,,,,,,,,,,,,,,,,,,,,,,
1056,6,CALIFORNIA,CA,6037,Los Angeles,6037543502,0.7513,,,,,,,,,,,,,,,,,,,,,,,,,,,,,
685,6,CALIFORNIA,CA,6037,Los Angeles,6037221900,0.7529,,,,,,,,,,,,,,,,,,,,,,,,,,,,,
363,6,CALIFORNIA,CA,6037,Los Angeles,6037183221,0.7534,,,,,,,,,,,,,,,,,,,,,,,,,,,,,
1029,6,CALIFORNIA,CA,6037,Los Angeles,6037531202,0.7538,,,,,,,,,,,,,,,,,,,,,,,,,,,,,
731,6,CALIFORNIA,CA,6037,Los Angeles,6037231400,0.7548,,,,,,,,,,,,,,,,,,,,,,,,,,,,,
73,6,CALIFORNIA,CA,6037,Los Angeles,6037109603,0.7566,,,,,,,,,,,,,,,,,,,,,,,,,,,,,
93,6,CALIFORNIA,CA,6037,Los Angeles,6037113233,0.757,,,,,,,,,,,,,,,,,,,,,,,,,,,,,
732,6,CALIFORNIA,CA,6037,Los Angeles,6037231500,0.7575,,,,,,,,,,,,,,,,,,,,,,,,,,,,,
768,6,CALIFORNIA,CA,6037,Los Angeles,6037237201,0.7599,,,,,,,,,,,,,,,,,,,,,,,,,,,,,
160,6,CALIFORNIA,CA,6037,Los Angeles,6037121801,0.76,,,,,,,,,,,,,,,,,,,,,,,,,,,,,
513,6,CALIFORNIA,CA,6037,Los Angeles,6037203710,0.7604,,,,,,,,,,,,,,,,,,,,,,,,,,,,,
506,6,CALIFORNIA,CA,6037,Los Angeles,6037201602,0.7605,,,,,,,,,,,,,,,,,,,,,,,,,,,,,
454,6,CALIFORNIA,CA,6037,Los Angeles,6037192620,0.7624,,,,,,,,,,,,,,,,,,,,,,,,,,,,,
759,6,CALIFORNIA,CA,6037,Los Angeles,6037235202,0.7629,,,,,,,,,,,,,,,,,,,,,,,,,,,,,
162,6,CALIFORNIA,CA,6037,Los Angeles,6037121900,0.7639,,,,,,,,,,,,,,,,,,,,,,,,,,,,,
1010,6,CALIFORNIA,CA,6037,Los Angeles,6037320201,0.7658,,,,,,,,,,,,,,,,,,,,,,,,,,,,,
33,6,CALIFORNIA,CA,6037,Los Angeles,6037104704,0.7674,,,,,,,,,,,,,,,,,,,,,,,,,,,,,
232,6,CALIFORNIA,CA,6037,Los Angeles,6037127806,0.7686,,,,,,,,,,,,,,,,,,,,,,,,,,,,,
945,6,CALIFORNIA,CA,6037,Los Angeles,6037293201,0.7688,,,,,,,,,,,,,,,,,,,,,,,,,,,,,
538,6,CALIFORNIA,CA,6037,Los Angeles,6037207101,0.7691,,,,,,,,,,,,,,,,,,,,,,,,,,,,,
1024,6,CALIFORNIA,CA,6037,Los Angeles,6037530700,0.7701,,,,,,,,,,,,,,,,,,,,,,,,,,,,,
371,6,CALIFORNIA,CA,6037,Los Angeles,6037183620,0.7716,,,,,,,,,,,,,,,,,,,,,,,,,,,,,
495,6,CALIFORNIA,CA,6037,Los Angeles,6037201110,0.7727,,,,,,,,,,,,,,,,,,,,,,,,,,,,,
953,6,CALIFORNIA,CA,6037,Los Angeles,6037294120,0.7731,,,,,,,,,,,,,,,,,,,,,,,,,,,,,
775,6,CALIFORNIA,CA,6037,Los Angeles,6037237710,0.7733,,,,,,,,,,,,,,,,,,,,,,,,,,,,,
135,6,CALIFORNIA,CA,6037,Los Angeles,6037119341,0.7734,,,,,,,,,,,,,,,,,,,,,,,,,,,,,
581,6,CALIFORNIA,CA,6037,Los Angeles,6037211201,0.7737,,,,,,,,,,,,,,,,,,,,,,,,,,,,,
1134,6,CALIFORNIA,CA,6037,Los Angeles,6037702803,0.7749,,,,,,,,,,,,,,,,,,,,,,,,,,,,,
44,6,CALIFORNIA,CA,6037,Los Angeles,6037106405,0.7758,,,,,,,,,,,,,,,,,,,,,,,,,,,,,
664,6,CALIFORNIA,CA,6037,Los Angeles,6037219700,0.7771,,,,,,,,,,,,,,,,,,,,,,,,,,,,,
421,6,CALIFORNIA,CA,6037,Los Angeles,6037190520,0.7773,,,,,,,,,,,,,,,,,,,,,,,,,,,,,
171,6,CALIFORNIA,CA,6037,Los Angeles,6037123020,0.7775,,,,,,,,,,,,,,,,,,,,,,,,,,,,,
486,6,CALIFORNIA,CA,6037,Los Angeles,6037199110,0.7776,,,,,,,,,,,,,,,,,,,,,,,,,,,,,
582,6,CALIFORNIA,CA,6037,Los Angeles,6037211202,0.7782,,,,,,,,,,,,,,,,,,,,,,,,,,,,,
137,6,CALIFORNIA,CA,6037,Los Angeles,6037119400,0.7792,,,,,,,,,,,,,,,,,,,,,,,,,,,,,
175,6,CALIFORNIA,CA,6037,Los Angeles,6037123204,0.7798,,,,,,,,,,,,,,,,,,,,,,,,,,,,,
432,6,CALIFORNIA,CA,6037,Los Angeles,6037191204,0.7807,,,,,,,,,,,,,,,,,,,,,,,,,,,,,
265,6,CALIFORNIA,CA,6037,Los Angeles,6037132501,0.7818,,,,,,,,,,,,,,,,,,,,,,,,,,,,,
1053,6,CALIFORNIA,CA,6037,Los Angeles,6037541002,0.7827,,,,,,,,,,,,,,,,,,,,,,,,,,,,,
133,6,CALIFORNIA,CA,6037,Los Angeles,6037119320,0.7834,,,,,,,,,,,,,,,,,,,,,,,,,,,,,
151,6,CALIFORNIA,CA,6037,Los Angeles,6037120400,0.7835,,,,,,,,,,,,,,,,,,,,,,,,,,,,,
553,6,CALIFORNIA,CA,6037,Los Angeles,6037208501,0.7837,,,,,,,,,,,,,,,,,,,,,,,,,,,,,
974,6,CALIFORNIA,CA,6037,Los Angeles,6037296500,0.7844,,,,,,,,,,,,,,,,,,,,,,,,,,,,,
129,6,CALIFORNIA,CA,6037,Los Angeles,6037119002,0.7846,,,,,,,,,,,,,,,,,,,,,,,,,,,,,
1051,6,CALIFORNIA,CA,6037,Los Angeles,6037540902,0.7857,,,,,,,,,,,,,,,,,,,,,,,,,,,,,
758,6,CALIFORNIA,CA,6037,Los Angeles,6037235201,0.7881,,,,,,,,,,,,,,,,,,,,,,,,,,,,,
389,6,CALIFORNIA,CA,6037,Los Angeles,6037186403,0.7885,,,,,,,,,,,,,,,,,,,,,,,,,,,,,
619,6,CALIFORNIA,CA,6037,Los Angeles,6037213310,0.7892,,,,,,,,,,,,,,,,,,,,,,,,,,,,,
1077,6,CALIFORNIA,CA,6037,Los Angeles,6037600912,0.7894,,,,,,,,,,,,,,,,,,,,,,,,,,,,,
174,6,CALIFORNIA,CA,6037,Los Angeles,6037123203,0.7904,,,,,,,,,,,,,,,,,,,,,,,,,,,,,
517,6,CALIFORNIA,CA,6037,Los Angeles,6037204110,0.7907,,,,,,,,,,,,,,,,,,,,,,,,,,,,,
939,6,CALIFORNIA,CA,6037,Los Angeles,6037291120,0.791,,,,,,,,,,,,,,,,,,,,,,,,,,,,,
997,6,CALIFORNIA,CA,6037,Los Angeles,6037302401,0.7915,,,,,,,,,,,,,,,,,,,,,,,,,,,,,
1037,6,CALIFORNIA,CA,6037,Los Angeles,6037535001,0.7951,,,,,,,,,,,,,,,,,,,,,,,,,,,,,
585,6,CALIFORNIA,CA,6037,Los Angeles,6037211410,0.7955,,,,,,,,,,,,,,,,,,,,,,,,,,,,,
726,6,CALIFORNIA,CA,6037,Los Angeles,6037229420,0.7956,,,,,,,,,,,,,,,,,,,,,,,,,,,,,
426,6,CALIFORNIA,CA,6037,Los Angeles,6037190902,0.796,,,,,,,,,,,,,,,,,,,,,,,,,,,,,
752,6,CALIFORNIA,CA,6037,Los Angeles,6037234600,0.7981,,,,,,,,,,,,,,,,,,,,,,,,,,,,,
164,6,CALIFORNIA,CA,6037,Los Angeles,6037122120,0.7985,,,,,,,,,,,,,,,,,,,,,,,,,,,,,
362,6,CALIFORNIA,CA,6037,Los Angeles,6037183220,0.7991,,,,,,,,,,,,,,,,,,,,,,,,,,,,,
173,6,CALIFORNIA,CA,6037,Los Angeles,6037123104,0.7996,,,,,,,,,,,,,,,,,,,,,,,,,,,,,
666,6,CALIFORNIA,CA,6037,Los Angeles,6037219901,0.8002,,,,,,,,,,,,,,,,,,,,,,,,,,,,,
750,6,CALIFORNIA,CA,6037,Los Angeles,6037234501,0.8005,,,,,,,,,,,,,,,,,,,,,,,,,,,,,
772,6,CALIFORNIA,CA,6037,Los Angeles,6037237402,0.8009,,,,,,,,,,,,,,,,,,,,,,,,,,,,,
161,6,CALIFORNIA,CA,6037,Los Angeles,6037121802,0.8014,,,,,,,,,,,,,,,,,,,,,,,,,,,,,
1082,6,CALIFORNIA,CA,6037,Los Angeles,6037601600,0.8019,,,,,,,,,,,,,,,,,,,,,,,,,,,,,
548,6,CALIFORNIA,CA,6037,Los Angeles,6037208000,0.8033,,,,,,,,,,,,,,,,,,,,,,,,,,,,,
182,6,CALIFORNIA,CA,6037,Los Angeles,6037123420,0.8035,,,,,,,,,,,,,,,,,,,,,,,,,,,,,
110,6,CALIFORNIA,CA,6037,Los Angeles,6037115302,0.8037,,,,,,,,,,,,,,,,,,,,,,,,,,,,,
224,6,CALIFORNIA,CA,6037,Los Angeles,6037127604,0.8038,,,,,,,,,,,,,,,,,,,,,,,,,,,,,
218,6,CALIFORNIA,CA,6037,Los Angeles,6037127210,0.8039,,,,,,,,,,,,,,,,,,,,,,,,,,,,,
996,6,CALIFORNIA,CA,6037,Los Angeles,6037302104,0.8042,,,,,,,,,,,,,,,,,,,,,,,,,,,,,
659,6,CALIFORNIA,CA,6037,Los Angeles,6037218900,0.8043,,,,,,,,,,,,,,,,,,,,,,,,,,,,,
289,6,CALIFORNIA,CA,6037,Los Angeles,6037134710,0.805,,,,,,,,,,,,,,,,,,,,,,,,,,,,,
922,6,CALIFORNIA,CA,6037,Los Angeles,6037275500,0.8063,,,,,,,,,,,,,,,,,,,,,,,,,,,,,
690,6,CALIFORNIA,CA,6037,Los Angeles,6037222500,0.8064,,,,,,,,,,,,,,,,,,,,,,,,,,,,,
180,6,CALIFORNIA,CA,6037,Los Angeles,6037123304,0.807,,,,,,,,,,,,,,,,,,,,,,,,,,,,,
67,6,CALIFORNIA,CA,6037,Los Angeles,6037109100,0.8074,,,,,,,,,,,,,,,,,,,,,,,,,,,,,
390,6,CALIFORNIA,CA,6037,Los Angeles,6037186404,0.8075,,,,,,,,,,,,,,,,,,,,,,,,,,,,,
169,6,CALIFORNIA,CA,6037,Los Angeles,6037122420,0.8097,,,,,,,,,,,,,,,,,,,,,,,,,,,,,
455,6,CALIFORNIA,CA,6037,Los Angeles,6037192700,0.8098,,,,,,,,,,,,,,,,,,,,,,,,,,,,,
938,6,CALIFORNIA,CA,6037,Los Angeles,6037291110,0.8102,,,,,,,,,,,,,,,,,,,,,,,,,,,,,
761,6,CALIFORNIA,CA,6037,Los Angeles,6037236100,0.8104,,,,,,,,,,,,,,,,,,,,,,,,,,,,,
1123,6,CALIFORNIA,CA,6037,Los Angeles,6037701801,0.8109,,,,,,,,,,,,,,,,,,,,,,,,,,,,,
1052,6,CALIFORNIA,CA,6037,Los Angeles,6037541001,0.8121,,,,,,,,,,,,,,,,,,,,,,,,,,,,,
723,6,CALIFORNIA,CA,6037,Los Angeles,6037229200,0.8128,,,,,,,,,,,,,,,,,,,,,,,,,,,,,
236,6,CALIFORNIA,CA,6037,Los Angeles,6037128102,0.8129,,,,,,,,,,,,,,,,,,,,,,,,,,,,,
583,6,CALIFORNIA,CA,6037,Los Angeles,6037211310,0.8138,,,,,,,,,,,,,,,,,,,,,,,,,,,,,
453,6,CALIFORNIA,CA,6037,Los Angeles,6037192610,0.8149,,,,,,,,,,,,,,,,,,,,,,,,,,,,,
378,6,CALIFORNIA,CA,6037,Los Angeles,6037185203,0.8151,,,,,,,,,,,,,,,,,,,,,,,,,,,,,
451,6,CALIFORNIA,CA,6037,Los Angeles,6037192510,0.8152,,,,,,,,,,,,,,,,,,,,,,,,,,,,,
375,6,CALIFORNIA,CA,6037,Los Angeles,6037183820,0.8158,,,,,,,,,,,,,,,,,,,,,,,,,,,,,
1091,6,CALIFORNIA,CA,6037,Los Angeles,6037609900,0.8164,,,,,,,,,,,,,,,,,,,,,,,,,,,,,
524,6,CALIFORNIA,CA,6037,Los Angeles,6037204700,0.8168,,,,,,,,,,,,,,,,,,,,,,,,,,,,,
49,6,CALIFORNIA,CA,6037,Los Angeles,6037106520,0.817,,,,,,,,,,,,,,,,,,,,,,,,,,,,,
386,6,CALIFORNIA,CA,6037,Los Angeles,6037186301,0.8177,,,,,,,,,,,,,,,,,,,,,,,,,,,,,
225,6,CALIFORNIA,CA,6037,Los Angeles,6037127605,0.8181,,,,,,,,,,,,,,,,,,,,,,,,,,,,,
612,6,CALIFORNIA,CA,6037,Los Angeles,6037212701,0.8183,,,,,,,,,,,,,,,,,,,,,,,,,,,,,
1028,6,CALIFORNIA,CA,6037,Los Angeles,6037531201,0.8186,,,,,,,,,,,,,,,,,,,,,,,,,,,,,
802,6,CALIFORNIA,CA,6037,Los Angeles,6037240401,0.8188,,,,,,,,,,,,,,,,,,,,,,,,,,,,,
742,6,CALIFORNIA,CA,6037,Los Angeles,6037232400,0.8191,,,,,,,,,,,,,,,,,,,,,,,,,,,,,
811,6,CALIFORNIA,CA,6037,Los Angeles,6037241110,0.8196,,,,,,,,,,,,,,,,,,,,,,,,,,,,,
125,6,CALIFORNIA,CA,6037,Los Angeles,6037117510,0.8237,,,,,,,,,,,,,,,,,,,,,,,,,,,,,
552,6,CALIFORNIA,CA,6037,Los Angeles,6037208402,0.8242,,,,,,,,,,,,,,,,,,,,,,,,,,,,,
272,6,CALIFORNIA,CA,6037,Los Angeles,6037134002,0.8251,,,,,,,,,,,,,,,,,,,,,,,,,,,,,
471,6,CALIFORNIA,CA,6037,Los Angeles,6037195720,0.8254,,,,,,,,,,,,,,,,,,,,,,,,,,,,,
741,6,CALIFORNIA,CA,6037,Los Angeles,6037232300,0.8257,,,,,,,,,,,,,,,,,,,,,,,,,,,,,
815,6,CALIFORNIA,CA,6037,Los Angeles,6037241300,0.826,,,,,,,,,,,,,,,,,,,,,,,,,,,,,
683,6,CALIFORNIA,CA,6037,Los Angeles,6037221810,0.8266,,,,,,,,,,,,,,,,,,,,,,,,,,,,,
682,6,CALIFORNIA,CA,6037,Los Angeles,6037221710,0.8276,,,,,,,,,,,,,,,,,,,,,,,,,,,,,
716,6,CALIFORNIA,CA,6037,Los Angeles,6037228500,0.8284,,,,,,,,,,,,,,,,,,,,,,,,,,,,,
1062,6,CALIFORNIA,CA,6037,Los Angeles,6037572301,0.8286,,,,,,,,,,,,,,,,,,,,,,,,,,,,,
556,6,CALIFORNIA,CA,6037,Los Angeles,6037208620,0.8291,,,,,,,,,,,,,,,,,,,,,,,,,,,,,
753,6,CALIFORNIA,CA,6037,Los Angeles,6037234700,0.8292,,,,,,,,,,,,,,,,,,,,,,,,,,,,,
183,6,CALIFORNIA,CA,6037,Los Angeles,6037123510,0.8296,,,,,,,,,,,,,,,,,,,,,,,,,,,,,
181,6,CALIFORNIA,CA,6037,Los Angeles,6037123410,0.8302,,,,,,,,,,,,,,,,,,,,,,,,,,,,,
603,6,CALIFORNIA,CA,6037,Los Angeles,6037212304,0.8307,,,,,,,,,,,,,,,,,,,,,,,,,,,,,
136,6,CALIFORNIA,CA,6037,Los Angeles,6037119342,0.831,,,,,,,,,,,,,,,,,,,,,,,,,,,,,
425,6,CALIFORNIA,CA,6037,Los Angeles,6037190901,0.8311,,,,,,,,,,,,,,,,,,,,,,,,,,,,,
822,6,CALIFORNIA,CA,6037,Los Angeles,6037242700,0.8316,,,,,,,,,,,,,,,,,,,,,,,,,,,,,
231,6,CALIFORNIA,CA,6037,Los Angeles,6037127805,0.8327,,,,,,,,,,,,,,,,,,,,,,,,,,,,,
672,6,CALIFORNIA,CA,6037,Los Angeles,6037221210,0.8331,,,,,,,,,,,,,,,,,,,,,,,,,,,,,
521,6,CALIFORNIA,CA,6037,Los Angeles,6037204410,0.8332,,,,,,,,,,,,,,,,,,,,,,,,,,,,,
649,6,CALIFORNIA,CA,6037,Los Angeles,6037218120,0.8336,,,,,,,,,,,,,,,,,,,,,,,,,,,,,
179,6,CALIFORNIA,CA,6037,Los Angeles,6037123303,0.8338,,,,,,,,,,,,,,,,,,,,,,,,,,,,,
714,6,CALIFORNIA,CA,6037,Los Angeles,6037228410,0.835,,,,,,,,,,,,,,,,,,,,,,,,,,,,,
809,6,CALIFORNIA,CA,6037,Los Angeles,6037241001,0.8353,,,,,,,,,,,,,,,,,,,,,,,,,,,,,
380,6,CALIFORNIA,CA,6037,Los Angeles,6037185310,0.8356,,,,,,,,,,,,,,,,,,,,,,,,,,,,,
1055,6,CALIFORNIA,CA,6037,Los Angeles,6037543501,0.8359,,,,,,,,,,,,,,,,,,,,,,,,,,,,,
962,6,CALIFORNIA,CA,6037,Los Angeles,6037294620,0.8361,,,,,,,,,,,,,,,,,,,,,,,,,,,,,
438,6,CALIFORNIA,CA,6037,Los Angeles,6037191610,0.8366,,,,,,,,,,,,,,,,,,,,,,,,,,,,,
665,6,CALIFORNIA,CA,6037,Los Angeles,6037219800,0.8371,,,,,,,,,,,,,,,,,,,,,,,,,,,,,
746,6,CALIFORNIA,CA,6037,Los Angeles,6037232800,0.8373,,,,,,,,,,,,,,,,,,,,,,,,,,,,,
1070,6,CALIFORNIA,CA,6037,Los Angeles,6037600304,0.8374,,,,,,,,,,,,,,,,,,,,,,,,,,,,,
529,6,CALIFORNIA,CA,6037,Los Angeles,6037205110,0.8379,,,,,,,,,,,,,,,,,,,,,,,,,,,,,
942,6,CALIFORNIA,CA,6037,Los Angeles,6037291220,0.8381,,,,,,,,,,,,,,,,,,,,,,,,,,,,,
751,6,CALIFORNIA,CA,6037,Los Angeles,6037234502,0.8389,,,,,,,,,,,,,,,,,,,,,,,,,,,,,
193,6,CALIFORNIA,CA,6037,Los Angeles,6037124103,0.8394,,,,,,,,,,,,,,,,,,,,,,,,,,,,,
792,6,CALIFORNIA,CA,6037,Los Angeles,6037239601,0.8399,,,,,,,,,,,,,,,,,,,,,,,,,,,,,
528,6,CALIFORNIA,CA,6037,Los Angeles,6037204920,0.8405,,,,,,,,,,,,,,,,,,,,,,,,,,,,,
42,6,CALIFORNIA,CA,6037,Los Angeles,6037106114,0.8415,,,,,,,,,,,,,,,,,,,,,,,,,,,,,
980,6,CALIFORNIA,CA,6037,Los Angeles,6037297120,0.8416,,,,,,,,,,,,,,,,,,,,,,,,,,,,,
709,6,CALIFORNIA,CA,6037,Los Angeles,6037228100,0.8449,,,,,,,,,,,,,,,,,,,,,,,,,,,,,
764,6,CALIFORNIA,CA,6037,Los Angeles,6037236204,0.845,,,,,,,,,,,,,,,,,,,,,,,,,,,,,
725,6,CALIFORNIA,CA,6037,Los Angeles,6037229410,0.8458,,,,,,,,,,,,,,,,,,,,,,,,,,,,,
485,6,CALIFORNIA,CA,6037,Los Angeles,6037199000,0.8462,,,,,,,,,,,,,,,,,,,,,,,,,,,,,
392,6,CALIFORNIA,CA,6037,Los Angeles,6037187102,0.847,,,,,,,,,,,,,,,,,,,,,,,,,,,,,
944,6,CALIFORNIA,CA,6037,Los Angeles,6037292000,0.8473,,,,,,,,,,,,,,,,,,,,,,,,,,,,,
691,6,CALIFORNIA,CA,6037,Los Angeles,6037222600,0.8478,,,,,,,,,,,,,,,,,,,,,,,,,,,,,
688,6,CALIFORNIA,CA,6037,Los Angeles,6037222100,0.8483,,,,,,,,,,,,,,,,,,,,,,,,,,,,,
537,6,CALIFORNIA,CA,6037,Los Angeles,6037206300,0.8494,,,,,,,,,,,,,,,,,,,,,,,,,,,,,
767,6,CALIFORNIA,CA,6037,Los Angeles,6037237102,0.8499,,,,,,,,,,,,,,,,,,,,,,,,,,,,,
515,6,CALIFORNIA,CA,6037,Los Angeles,6037203800,0.8503,,,,,,,,,,,,,,,,,,,,,,,,,,,,,
621,6,CALIFORNIA,CA,6037,Los Angeles,6037213401,0.8504,,,,,,,,,,,,,,,,,,,,,,,,,,,,,
1071,6,CALIFORNIA,CA,6037,Los Angeles,6037600400,0.8506,,,,,,,,,,,,,,,,,,,,,,,,,,,,,
698,6,CALIFORNIA,CA,6037,Los Angeles,6037224410,0.8512,,,,,,,,,,,,,,,,,,,,,,,,,,,,,
674,6,CALIFORNIA,CA,6037,Los Angeles,6037221302,0.8514,,,,,,,,,,,,,,,,,,,,,,,,,,,,,
280,6,CALIFORNIA,CA,6037,Los Angeles,6037134305,0.8516,,,,,,,,,,,,,,,,,,,,,,,,,,,,,
141,6,CALIFORNIA,CA,6037,Los Angeles,6037120010,0.8526,,,,,,,,,,,,,,,,,,,,,,,,,,,,,
797,6,CALIFORNIA,CA,6037,Los Angeles,6037239802,0.8527,,,,,,,,,,,,,,,,,,,,,,,,,,,,,
501,6,CALIFORNIA,CA,6037,Los Angeles,6037201402,0.8529,,,,,,,,,,,,,,,,,,,,,,,,,,,,,
500,6,CALIFORNIA,CA,6037,Los Angeles,6037201401,0.8531,,,,,,,,,,,,,,,,,,,,,,,,,,,,,
509,6,CALIFORNIA,CA,6037,Los Angeles,6037203200,0.8532,,,,,,,,,,,,,,,,,,,,,,,,,,,,,
961,6,CALIFORNIA,CA,6037,Los Angeles,6037294610,0.8538,,,,,,,,,,,,,,,,,,,,,,,,,,,,,
1048,6,CALIFORNIA,CA,6037,Los Angeles,6037540700,0.8542,,,,,,,,,,,,,,,,,,,,,,,,,,,,,
430,6,CALIFORNIA,CA,6037,Los Angeles,6037191201,0.8549,,,,,,,,,,,,,,,,,,,,,,,,,,,,,
762,6,CALIFORNIA,CA,6037,Los Angeles,6037236202,0.8552,,,,,,,,,,,,,,,,,,,,,,,,,,,,,
722,6,CALIFORNIA,CA,6037,Los Angeles,6037229100,0.8559,,,,,,,,,,,,,,,,,,,,,,,,,,,,,
810,6,CALIFORNIA,CA,6037,Los Angeles,6037241002,0.8563,,,,,,,,,,,,,,,,,,,,,,,,,,,,,
502,6,CALIFORNIA,CA,6037,Los Angeles,6037201501,0.8574,,,,,,,,,,,,,,,,,,,,,,,,,,,,,
605,6,CALIFORNIA,CA,6037,Los Angeles,6037212306,0.8577,,,,,,,,,,,,,,,,,,,,,,,,,,,,,
36,6,CALIFORNIA,CA,6037,Los Angeles,6037104822,0.8579,,,,,,,,,,,,,,,,,,,,,,,,,,,,,
431,6,CALIFORNIA,CA,6037,Los Angeles,6037191203,0.8581,,,,,,,,,,,,,,,,,,,,,,,,,,,,,
525,6,CALIFORNIA,CA,6037,Los Angeles,6037204810,0.8586,,,,,,,,,,,,,,,,,,,,,,,,,,,,,
959,6,CALIFORNIA,CA,6037,Los Angeles,6037294510,0.8591,,,,,,,,,,,,,,,,,,,,,,,,,,,,,
441,6,CALIFORNIA,CA,6037,Los Angeles,6037191720,0.8593,,,,,,,,,,,,,,,,,,,,,,,,,,,,,
1036,6,CALIFORNIA,CA,6037,Los Angeles,6037532900,0.8596,,,,,,,,,,,,,,,,,,,,,,,,,,,,,
564,6,CALIFORNIA,CA,6037,Los Angeles,6037209102,0.8598,,,,,,,,,,,,,,,,,,,,,,,,,,,,,
437,6,CALIFORNIA,CA,6037,Los Angeles,6037191500,0.8621,,,,,,,,,,,,,,,,,,,,,,,,,,,,,
794,6,CALIFORNIA,CA,6037,Los Angeles,6037239701,0.8631,,,,,,,,,,,,,,,,,,,,,,,,,,,,,
673,6,CALIFORNIA,CA,6037,Los Angeles,6037221220,0.8632,,,,,,,,,,,,,,,,,,,,,,,,,,,,,
712,6,CALIFORNIA,CA,6037,Los Angeles,6037228310,0.8635,,,,,,,,,,,,,,,,,,,,,,,,,,,,,
560,6,CALIFORNIA,CA,6037,Los Angeles,6037208802,0.8636,,,,,,,,,,,,,,,,,,,,,,,,,,,,,
3,6,CALIFORNIA,CA,6037,Los Angeles,6037101210,0.8648,,,,,,,,,,,,,,,,,,,,,,,,,,,,,
288,6,CALIFORNIA,CA,6037,Los Angeles,6037134522,0.8651,,,,,,,,,,,,,,,,,,,,,,,,,,,,,
1117,6,CALIFORNIA,CA,6037,Los Angeles,6037701100,0.8652,,,,,,,,,,,,,,,,,,,,,,,,,,,,,
763,6,CALIFORNIA,CA,6037,Los Angeles,6037236203,0.8653,,,,,,,,,,,,,,,,,,,,,,,,,,,,,
145,6,CALIFORNIA,CA,6037,Los Angeles,6037120104,0.8656,,,,,,,,,,,,,,,,,,,,,,,,,,,,,
946,6,CALIFORNIA,CA,6037,Los Angeles,6037293202,0.8661,,,,,,,,,,,,,,,,,,,,,,,,,,,,,
661,6,CALIFORNIA,CA,6037,Los Angeles,6037219020,0.8684,,,,,,,,,,,,,,,,,,,,,,,,,,,,,
975,6,CALIFORNIA,CA,6037,Los Angeles,6037296600,0.8686,,,,,,,,,,,,,,,,,,,,,,,,,,,,,
491,6,CALIFORNIA,CA,6037,Los Angeles,6037199400,0.8696,,,,,,,,,,,,,,,,,,,,,,,,,,,,,
694,6,CALIFORNIA,CA,6037,Los Angeles,6037224020,0.87,,,,,,,,,,,,,,,,,,,,,,,,,,,,,
789,6,CALIFORNIA,CA,6037,Los Angeles,6037239330,0.8701,,,,,,,,,,,,,,,,,,,,,,,,,,,,,
803,6,CALIFORNIA,CA,6037,Los Angeles,6037240402,0.8702,,,,,,,,,,,,,,,,,,,,,,,,,,,,,
784,6,CALIFORNIA,CA,6037,Los Angeles,6037238400,0.8704,,,,,,,,,,,,,,,,,,,,,,,,,,,,,
602,6,CALIFORNIA,CA,6037,Los Angeles,6037212303,0.8715,,,,,,,,,,,,,,,,,,,,,,,,,,,,,
960,6,CALIFORNIA,CA,6037,Los Angeles,6037294520,0.8716,,,,,,,,,,,,,,,,,,,,,,,,,,,,,
388,6,CALIFORNIA,CA,6037,Los Angeles,6037186401,0.8721,,,,,,,,,,,,,,,,,,,,,,,,,,,,,
1031,6,CALIFORNIA,CA,6037,Los Angeles,6037531302,0.8729,,,,,,,,,,,,,,,,,,,,,,,,,,,,,
47,6,CALIFORNIA,CA,6037,Los Angeles,6037106408,0.8732,,,,,,,,,,,,,,,,,,,,,,,,,,,,,
702,6,CALIFORNIA,CA,6037,Los Angeles,6037226001,0.874,,,,,,,,,,,,,,,,,,,,,,,,,,,,,
518,6,CALIFORNIA,CA,6037,Los Angeles,6037204120,0.8741,,,,,,,,,,,,,,,,,,,,,,,,,,,,,
787,6,CALIFORNIA,CA,6037,Los Angeles,6037239310,0.8744,,,,,,,,,,,,,,,,,,,,,,,,,,,,,
615,6,CALIFORNIA,CA,6037,Los Angeles,6037212900,0.8745,,,,,,,,,,,,,,,,,,,,,,,,,,,,,
57,6,CALIFORNIA,CA,6037,Los Angeles,6037106648,0.8746,,,,,,,,,,,,,,,,,,,,,,,,,,,,,
648,6,CALIFORNIA,CA,6037,Los Angeles,6037218110,0.8756,,,,,,,,,,,,,,,,,,,,,,,,,,,,,
21,6,CALIFORNIA,CA,6037,Los Angeles,6037104203,0.8761,,,,,,,,,,,,,,,,,,,,,,,,,,,,,
1035,6,CALIFORNIA,CA,6037,Los Angeles,6037532800,0.8764,,,,,,,,,,,,,,,,,,,,,,,,,,,,,
512,6,CALIFORNIA,CA,6037,Los Angeles,6037203600,0.8765,,,,,,,,,,,,,,,,,,,,,,,,,,,,,
51,6,CALIFORNIA,CA,6037,Los Angeles,6037106604,0.8773,,,,,,,,,,,,,,,,,,,,,,,,,,,,,
94,6,CALIFORNIA,CA,6037,Los Angeles,6037113234,0.8786,,,,,,,,,,,,,,,,,,,,,,,,,,,,,
715,6,CALIFORNIA,CA,6037,Los Angeles,6037228420,0.8793,,,,,,,,,,,,,,,,,,,,,,,,,,,,,
966,6,CALIFORNIA,CA,6037,Los Angeles,6037294830,0.881,,,,,,,,,,,,,,,,,,,,,,,,,,,,,
1032,6,CALIFORNIA,CA,6037,Los Angeles,6037532302,0.8816,,,,,,,,,,,,,,,,,,,,,,,,,,,,,
708,6,CALIFORNIA,CA,6037,Los Angeles,6037227020,0.8821,,,,,,,,,,,,,,,,,,,,,,,,,,,,,
549,6,CALIFORNIA,CA,6037,Los Angeles,6037208301,0.8828,,,,,,,,,,,,,,,,,,,,,,,,,,,,,
1080,6,CALIFORNIA,CA,6037,Los Angeles,6037601401,0.883,,,,,,,,,,,,,,,,,,,,,,,,,,,,,
1039,6,CALIFORNIA,CA,6037,Los Angeles,6037535102,0.8833,,,,,,,,,,,,,,,,,,,,,,,,,,,,,
806,6,CALIFORNIA,CA,6037,Los Angeles,6037240700,0.8837,,,,,,,,,,,,,,,,,,,,,,,,,,,,,
774,6,CALIFORNIA,CA,6037,Los Angeles,6037237600,0.8844,,,,,,,,,,,,,,,,,,,,,,,,,,,,,
967,6,CALIFORNIA,CA,6037,Los Angeles,6037294900,0.8845,,,,,,,,,,,,,,,,,,,,,,,,,,,,,
530,6,CALIFORNIA,CA,6037,Los Angeles,6037205120,0.8852,,,,,,,,,,,,,,,,,,,,,,,,,,,,,
823,6,CALIFORNIA,CA,6037,Los Angeles,6037243000,0.8853,,,,,,,,,,,,,,,,,,,,,,,,,,,,,
611,6,CALIFORNIA,CA,6037,Los Angeles,6037212620,0.8855,,,,,,,,,,,,,,,,,,,,,,,,,,,,,
604,6,CALIFORNIA,CA,6037,Los Angeles,6037212305,0.8857,,,,,,,,,,,,,,,,,,,,,,,,,,,,,
170,6,CALIFORNIA,CA,6037,Los Angeles,6037123010,0.8863,,,,,,,,,,,,,,,,,,,,,,,,,,,,,
1012,6,CALIFORNIA,CA,6037,Los Angeles,6037320300,0.8877,,,,,,,,,,,,,,,,,,,,,,,,,,,,,
216,6,CALIFORNIA,CA,6037,Los Angeles,6037127103,0.8882,,,,,,,,,,,,,,,,,,,,,,,,,,,,,
805,6,CALIFORNIA,CA,6037,Los Angeles,6037240600,0.8884,,,,,,,,,,,,,,,,,,,,,,,,,,,,,
555,6,CALIFORNIA,CA,6037,Los Angeles,6037208610,0.8889,,,,,,,,,,,,,,,,,,,,,,,,,,,,,
503,6,CALIFORNIA,CA,6037,Los Angeles,6037201503,0.8898,,,,,,,,,,,,,,,,,,,,,,,,,,,,,
796,6,CALIFORNIA,CA,6037,Los Angeles,6037239801,0.8899,,,,,,,,,,,,,,,,,,,,,,,,,,,,,
149,6,CALIFORNIA,CA,6037,Los Angeles,6037120108,0.8907,,,,,,,,,,,,,,,,,,,,,,,,,,,,,
219,6,CALIFORNIA,CA,6037,Los Angeles,6037127220,0.8932,,,,,,,,,,,,,,,,,,,,,,,,,,,,,
1065,6,CALIFORNIA,CA,6037,Los Angeles,6037575500,0.8939,,,,,,,,,,,,,,,,,,,,,,,,,,,,,
223,6,CALIFORNIA,CA,6037,Los Angeles,6037127603,0.8942,,,,,,,,,,,,,,,,,,,,,,,,,,,,,
689,6,CALIFORNIA,CA,6037,Los Angeles,6037222200,0.8947,,,,,,,,,,,,,,,,,,,,,,,,,,,,,
786,6,CALIFORNIA,CA,6037,Los Angeles,6037239202,0.8954,,,,,,,,,,,,,,,,,,,,,,,,,,,,,
744,6,CALIFORNIA,CA,6037,Los Angeles,6037232600,0.8957,,,,,,,,,,,,,,,,,,,,,,,,,,,,,
998,6,CALIFORNIA,CA,6037,Los Angeles,6037302505,0.8968,,,,,,,,,,,,,,,,,,,,,,,,,,,,,
516,6,CALIFORNIA,CA,6037,Los Angeles,6037203900,0.8971,,,,,,,,,,,,,,,,,,,,,,,,,,,,,
584,6,CALIFORNIA,CA,6037,Los Angeles,6037211320,0.8976,,,,,,,,,,,,,,,,,,,,,,,,,,,,,
607,6,CALIFORNIA,CA,6037,Los Angeles,6037212420,0.8977,,,,,,,,,,,,,,,,,,,,,,,,,,,,,
514,6,CALIFORNIA,CA,6037,Los Angeles,6037203720,0.8978,,,,,,,,,,,,,,,,,,,,,,,,,,,,,
776,6,CALIFORNIA,CA,6037,Los Angeles,6037237720,0.8982,,,,,,,,,,,,,,,,,,,,,,,,,,,,,
704,6,CALIFORNIA,CA,6037,Los Angeles,6037226410,0.8984,,,,,,,,,,,,,,,,,,,,,,,,,,,,,
233,6,CALIFORNIA,CA,6037,Los Angeles,6037127910,0.8987,,,,,,,,,,,,,,,,,,,,,,,,,,,,,
769,6,CALIFORNIA,CA,6037,Los Angeles,6037237202,0.8991,,,,,,,,,,,,,,,,,,,,,,,,,,,,,
559,6,CALIFORNIA,CA,6037,Los Angeles,6037208801,0.8992,,,,,,,,,,,,,,,,,,,,,,,,,,,,,
1040,6,CALIFORNIA,CA,6037,Los Angeles,6037535200,0.8993,,,,,,,,,,,,,,,,,,,,,,,,,,,,,
1154,6,CALIFORNIA,CA,6037,Los Angeles,6037980010,0.9002,,,,,,,,,,,,,,,,,,,,,,,,,,,,,
1064,6,CALIFORNIA,CA,6037,Los Angeles,6037572800,0.9007,,,,,,,,,,,,,,,,,,,,,,,,,,,,,
790,6,CALIFORNIA,CA,6037,Los Angeles,6037239501,0.9012,,,,,,,,,,,,,,,,,,,,,,,,,,,,,
423,6,CALIFORNIA,CA,6037,Los Angeles,6037190801,0.9017,,,,,,,,,,,,,,,,,,,,,,,,,,,,,
706,6,CALIFORNIA,CA,6037,Los Angeles,6037226700,0.9025,,,,,,,,,,,,,,,,,,,,,,,,,,,,,
622,6,CALIFORNIA,CA,6037,Los Angeles,6037213402,0.9028,,,,,,,,,,,,,,,,,,,,,,,,,,,,,
705,6,CALIFORNIA,CA,6037,Los Angeles,6037226420,0.903,,,,,,,,,,,,,,,,,,,,,,,,,,,,,
719,6,CALIFORNIA,CA,6037,Los Angeles,6037228720,0.9043,,,,,,,,,,,,,,,,,,,,,,,,,,,,,
728,6,CALIFORNIA,CA,6037,Los Angeles,6037231210,0.9047,,,,,,,,,,,,,,,,,,,,,,,,,,,,,
558,6,CALIFORNIA,CA,6037,Los Angeles,6037208720,0.9048,,,,,,,,,,,,,,,,,,,,,,,,,,,,,
687,6,CALIFORNIA,CA,6037,Los Angeles,6037222002,0.9052,,,,,,,,,,,,,,,,,,,,,,,,,,,,,
650,6,CALIFORNIA,CA,6037,Los Angeles,6037218210,0.9062,,,,,,,,,,,,,,,,,,,,,,,,,,,,,
156,6,CALIFORNIA,CA,6037,Los Angeles,6037121210,0.9063,,,,,,,,,,,,,,,,,,,,,,,,,,,,,
599,6,CALIFORNIA,CA,6037,Los Angeles,6037212202,0.9067,,,,,,,,,,,,,,,,,,,,,,,,,,,,,
1081,6,CALIFORNIA,CA,6037,Los Angeles,6037601502,0.907,,,,,,,,,,,,,,,,,,,,,,,,,,,,,
27,6,CALIFORNIA,CA,6037,Los Angeles,6037104404,0.9076,,,,,,,,,,,,,,,,,,,,,,,,,,,,,
492,6,CALIFORNIA,CA,6037,Los Angeles,6037199700,0.9085,,,,,,,,,,,,,,,,,,,,,,,,,,,,,
657,6,CALIFORNIA,CA,6037,Los Angeles,6037218702,0.9086,,,,,,,,,,,,,,,,,,,,,,,,,,,,,
618,6,CALIFORNIA,CA,6037,Los Angeles,6037213202,0.9087,,,,,,,,,,,,,,,,,,,,,,,,,,,,,
1034,6,CALIFORNIA,CA,6037,Los Angeles,6037532700,0.909,,,,,,,,,,,,,,,,,,,,,,,,,,,,,
370,6,CALIFORNIA,CA,6037,Los Angeles,6037183610,0.9091,,,,,,,,,,,,,,,,,,,,,,,,,,,,,
526,6,CALIFORNIA,CA,6037,Los Angeles,6037204820,0.9096,,,,,,,,,,,,,,,,,,,,,,,,,,,,,
374,6,CALIFORNIA,CA,6037,Los Angeles,6037183810,0.911,,,,,,,,,,,,,,,,,,,,,,,,,,,,,
743,6,CALIFORNIA,CA,6037,Los Angeles,6037232500,0.9115,,,,,,,,,,,,,,,,,,,,,,,,,,,,,
766,6,CALIFORNIA,CA,6037,Los Angeles,6037237101,0.9117,,,,,,,,,,,,,,,,,,,,,,,,,,,,,
718,6,CALIFORNIA,CA,6037,Los Angeles,6037228710,0.9119,,,,,,,,,,,,,,,,,,,,,,,,,,,,,
816,6,CALIFORNIA,CA,6037,Los Angeles,6037241400,0.9121,,,,,,,,,,,,,,,,,,,,,,,,,,,,,
122,6,CALIFORNIA,CA,6037,Los Angeles,6037117405,0.9122,,,,,,,,,,,,,,,,,,,,,,,,,,,,,
965,6,CALIFORNIA,CA,6037,Los Angeles,6037294820,0.9126,,,,,,,,,,,,,,,,,,,,,,,,,,,,,
793,6,CALIFORNIA,CA,6037,Los Angeles,6037239602,0.9129,,,,,,,,,,,,,,,,,,,,,,,,,,,,,
695,6,CALIFORNIA,CA,6037,Los Angeles,6037224200,0.9139,,,,,,,,,,,,,,,,,,,,,,,,,,,,,
804,6,CALIFORNIA,CA,6037,Los Angeles,6037240500,0.9146,,,,,,,,,,,,,,,,,,,,,,,,,,,,,
71,6,CALIFORNIA,CA,6037,Los Angeles,6037109500,0.9156,,,,,,,,,,,,,,,,,,,,,,,,,,,,,
1041,6,CALIFORNIA,CA,6037,Los Angeles,6037535400,0.9162,,,,,,,,,,,,,,,,,,,,,,,,,,,,,
798,6,CALIFORNIA,CA,6037,Los Angeles,6037240010,0.9164,,,,,,,,,,,,,,,,,,,,,,,,,,,,,
616,6,CALIFORNIA,CA,6037,Los Angeles,6037213100,0.9166,,,,,,,,,,,,,,,,,,,,,,,,,,,,,
142,6,CALIFORNIA,CA,6037,Los Angeles,6037120020,0.9183,,,,,,,,,,,,,,,,,,,,,,,,,,,,,
286,6,CALIFORNIA,CA,6037,Los Angeles,6037134520,0.9184,,,,,,,,,,,,,,,,,,,,,,,,,,,,,
266,6,CALIFORNIA,CA,6037,Los Angeles,6037132502,0.9189,,,,,,,,,,,,,,,,,,,,,,,,,,,,,
733,6,CALIFORNIA,CA,6037,Los Angeles,6037231600,0.9193,,,,,,,,,,,,,,,,,,,,,,,,,,,,,
166,6,CALIFORNIA,CA,6037,Los Angeles,6037122122,0.9194,,,,,,,,,,,,,,,,,,,,,,,,,,,,,
771,6,CALIFORNIA,CA,6037,Los Angeles,6037237401,0.9195,,,,,,,,,,,,,,,,,,,,,,,,,,,,,
680,6,CALIFORNIA,CA,6037,Los Angeles,6037221601,0.9199,,,,,,,,,,,,,,,,,,,,,,,,,,,,,
18,6,CALIFORNIA,CA,6037,Los Angeles,6037104108,0.9211,,,,,,,,,,,,,,,,,,,,,,,,,,,,,
1050,6,CALIFORNIA,CA,6037,Los Angeles,6037540901,0.9213,,,,,,,,,,,,,,,,,,,,,,,,,,,,,
969,6,CALIFORNIA,CA,6037,Los Angeles,6037296210,0.9214,,,,,,,,,,,,,,,,,,,,,,,,,,,,,
1066,6,CALIFORNIA,CA,6037,Los Angeles,6037600100,0.9219,,,,,,,,,,,,,,,,,,,,,,,,,,,,,
788,6,CALIFORNIA,CA,6037,Los Angeles,6037239320,0.9223,,,,,,,,,,,,,,,,,,,,,,,,,,,,,
671,6,CALIFORNIA,CA,6037,Los Angeles,6037221120,0.9225,,,,,,,,,,,,,,,,,,,,,,,,,,,,,
488,6,CALIFORNIA,CA,6037,Los Angeles,6037199201,0.9226,,,,,,,,,,,,,,,,,,,,,,,,,,,,,
287,6,CALIFORNIA,CA,6037,Los Angeles,6037134521,0.923,,,,,,,,,,,,,,,,,,,,,,,,,,,,,
956,6,CALIFORNIA,CA,6037,Los Angeles,6037294302,0.9234,,,,,,,,,,,,,,,,,,,,,,,,,,,,,
127,6,CALIFORNIA,CA,6037,Los Angeles,6037117530,0.9235,,,,,,,,,,,,,,,,,,,,,,,,,,,,,
539,6,CALIFORNIA,CA,6037,Los Angeles,6037207102,0.9236,,,,,,,,,,,,,,,,,,,,,,,,,,,,,
494,6,CALIFORNIA,CA,6037,Los Angeles,6037199900,0.9239,,,,,,,,,,,,,,,,,,,,,,,,,,,,,
801,6,CALIFORNIA,CA,6037,Los Angeles,6037240300,0.9245,,,,,,,,,,,,,,,,,,,,,,,,,,,,,
229,6,CALIFORNIA,CA,6037,Los Angeles,6037127803,0.925,,,,,,,,,,,,,,,,,,,,,,,,,,,,,
527,6,CALIFORNIA,CA,6037,Los Angeles,6037204910,0.9253,,,,,,,,,,,,,,,,,,,,,,,,,,,,,
435,6,CALIFORNIA,CA,6037,Los Angeles,6037191410,0.926,,,,,,,,,,,,,,,,,,,,,,,,,,,,,
601,6,CALIFORNIA,CA,6037,Los Angeles,6037212204,0.9268,,,,,,,,,,,,,,,,,,,,,,,,,,,,,
783,6,CALIFORNIA,CA,6037,Los Angeles,6037238320,0.9272,,,,,,,,,,,,,,,,,,,,,,,,,,,,,
158,6,CALIFORNIA,CA,6037,Los Angeles,6037121222,0.9279,,,,,,,,,,,,,,,,,,,,,,,,,,,,,
941,6,CALIFORNIA,CA,6037,Los Angeles,6037291210,0.9292,,,,,,,,,,,,,,,,,,,,,,,,,,,,,
807,6,CALIFORNIA,CA,6037,Los Angeles,6037240800,0.9295,,,,,,,,,,,,,,,,,,,,,,,,,,,,,
1027,6,CALIFORNIA,CA,6037,Los Angeles,6037531101,0.9298,,,,,,,,,,,,,,,,,,,,,,,,,,,,,
808,6,CALIFORNIA,CA,6037,Los Angeles,6037240900,0.93,,,,,,,,,,,,,,,,,,,,,,,,,,,,,
979,6,CALIFORNIA,CA,6037,Los Angeles,6037297110,0.9305,,,,,,,,,,,,,,,,,,,,,,,,,,,,,
785,6,CALIFORNIA,CA,6037,Los Angeles,6037239201,0.9312,,,,,,,,,,,,,,,,,,,,,,,,,,,,,
740,6,CALIFORNIA,CA,6037,Los Angeles,6037232200,0.9317,,,,,,,,,,,,,,,,,,,,,,,,,,,,,
791,6,CALIFORNIA,CA,6037,Los Angeles,6037239502,0.9324,,,,,,,,,,,,,,,,,,,,,,,,,,,,,
1038,6,CALIFORNIA,CA,6037,Los Angeles,6037535101,0.9337,,,,,,,,,,,,,,,,,,,,,,,,,,,,,
116,6,CALIFORNIA,CA,6037,Los Angeles,6037117201,0.9339,,,,,,,,,,,,,,,,,,,,,,,,,,,,,
369,6,CALIFORNIA,CA,6037,Los Angeles,6037183520,0.9342,,,,,,,,,,,,,,,,,,,,,,,,,,,,,
146,6,CALIFORNIA,CA,6037,Los Angeles,6037120105,0.9366,,,,,,,,,,,,,,,,,,,,,,,,,,,,,
720,6,CALIFORNIA,CA,6037,Los Angeles,6037228800,0.9368,,,,,,,,,,,,,,,,,,,,,,,,,,,,,
519,6,CALIFORNIA,CA,6037,Los Angeles,6037204200,0.9369,,,,,,,,,,,,,,,,,,,,,,,,,,,,,
568,6,CALIFORNIA,CA,6037,Los Angeles,6037209300,0.9382,,,,,,,,,,,,,,,,,,,,,,,,,,,,,
678,6,CALIFORNIA,CA,6037,Los Angeles,6037221402,0.9384,,,,,,,,,,,,,,,,,,,,,,,,,,,,,
662,6,CALIFORNIA,CA,6037,Los Angeles,6037219300,0.9393,,,,,,,,,,,,,,,,,,,,,,,,,,,,,
957,6,CALIFORNIA,CA,6037,Los Angeles,6037294410,0.9398,,,,,,,,,,,,,,,,,,,,,,,,,,,,,
22,6,CALIFORNIA,CA,6037,Los Angeles,6037104204,0.9402,,,,,,,,,,,,,,,,,,,,,,,,,,,,,
795,6,CALIFORNIA,CA,6037,Los Angeles,6037239702,0.9407,,,,,,,,,,,,,,,,,,,,,,,,,,,,,
1086,6,CALIFORNIA,CA,6037,Los Angeles,6037602900,0.9414,,,,,,,,,,,,,,,,,,,,,,,,,,,,,
429,6,CALIFORNIA,CA,6037,Los Angeles,6037191120,0.9416,,,,,,,,,,,,,,,,,,,,,,,,,,,,,
963,6,CALIFORNIA,CA,6037,Los Angeles,6037294701,0.9417,,,,,,,,,,,,,,,,,,,,,,,,,,,,,
508,6,CALIFORNIA,CA,6037,Los Angeles,6037203100,0.9421,,,,,,,,,,,,,,,,,,,,,,,,,,,,,
554,6,CALIFORNIA,CA,6037,Los Angeles,6037208502,0.9425,,,,,,,,,,,,,,,,,,,,,,,,,,,,,
817,6,CALIFORNIA,CA,6037,Los Angeles,6037242000,0.9435,,,,,,,,,,,,,,,,,,,,,,,,,,,,,
17,6,CALIFORNIA,CA,6037,Los Angeles,6037104105,0.9443,,,,,,,,,,,,,,,,,,,,,,,,,,,,,
168,6,CALIFORNIA,CA,6037,Los Angeles,6037122410,0.9446,,,,,,,,,,,,,,,,,,,,,,,,,,,,,
511,6,CALIFORNIA,CA,6037,Los Angeles,6037203500,0.9448,,,,,,,,,,,,,,,,,,,,,,,,,,,,,
964,6,CALIFORNIA,CA,6037,Los Angeles,6037294810,0.9453,,,,,,,,,,,,,,,,,,,,,,,,,,,,,
800,6,CALIFORNIA,CA,6037,Los Angeles,6037240200,0.946,,,,,,,,,,,,,,,,,,,,,,,,,,,,,
617,6,CALIFORNIA,CA,6037,Los Angeles,6037213201,0.9463,,,,,,,,,,,,,,,,,,,,,,,,,,,,,
799,6,CALIFORNIA,CA,6037,Los Angeles,6037240020,0.9465,,,,,,,,,,,,,,,,,,,,,,,,,,,,,
600,6,CALIFORNIA,CA,6037,Los Angeles,6037212203,0.9475,,,,,,,,,,,,,,,,,,,,,,,,,,,,,
813,6,CALIFORNIA,CA,6037,Los Angeles,6037241201,0.9478,,,,,,,,,,,,,,,,,,,,,,,,,,,,,
693,6,CALIFORNIA,CA,6037,Los Angeles,6037224010,0.948,,,,,,,,,,,,,,,,,,,,,,,,,,,,,
551,6,CALIFORNIA,CA,6037,Los Angeles,6037208401,0.9482,,,,,,,,,,,,,,,,,,,,,,,,,,,,,
536,6,CALIFORNIA,CA,6037,Los Angeles,6037206200,0.9486,,,,,,,,,,,,,,,,,,,,,,,,,,,,,
736,6,CALIFORNIA,CA,6037,Los Angeles,6037231800,0.949,,,,,,,,,,,,,,,,,,,,,,,,,,,,,
124,6,CALIFORNIA,CA,6037,Los Angeles,6037117408,0.9492,,,,,,,,,,,,,,,,,,,,,,,,,,,,,
493,6,CALIFORNIA,CA,6037,Los Angeles,6037199800,0.9493,,,,,,,,,,,,,,,,,,,,,,,,,,,,,
498,6,CALIFORNIA,CA,6037,Los Angeles,6037201301,0.9507,,,,,,,,,,,,,,,,,,,,,,,,,,,,,
711,6,CALIFORNIA,CA,6037,Los Angeles,6037228220,0.9509,,,,,,,,,,,,,,,,,,,,,,,,,,,,,
735,6,CALIFORNIA,CA,6037,Los Angeles,6037231720,0.9517,,,,,,,,,,,,,,,,,,,,,,,,,,,,,
681,6,CALIFORNIA,CA,6037,Los Angeles,6037221602,0.9519,,,,,,,,,,,,,,,,,,,,,,,,,,,,,
240,6,CALIFORNIA,CA,6037,Los Angeles,6037128303,0.9527,,,,,,,,,,,,,,,,,,,,,,,,,,,,,
707,6,CALIFORNIA,CA,6037,Los Angeles,6037227010,0.9534,,,,,,,,,,,,,,,,,,,,,,,,,,,,,
46,6,CALIFORNIA,CA,6037,Los Angeles,6037106407,0.9536,,,,,,,,,,,,,,,,,,,,,,,,,,,,,
239,6,CALIFORNIA,CA,6037,Los Angeles,6037128302,0.9537,,,,,,,,,,,,,,,,,,,,,,,,,,,,,
123,6,CALIFORNIA,CA,6037,Los Angeles,6037117407,0.9539,,,,,,,,,,,,,,,,,,,,,,,,,,,,,
148,6,CALIFORNIA,CA,6037,Los Angeles,6037120107,0.9541,,,,,,,,,,,,,,,,,,,,,,,,,,,,,
721,6,CALIFORNIA,CA,6037,Los Angeles,6037228900,0.9542,,,,,,,,,,,,,,,,,,,,,,,,,,,,,
812,6,CALIFORNIA,CA,6037,Los Angeles,6037241120,0.955,,,,,,,,,,,,,,,,,,,,,,,,,,,,,
1084,6,CALIFORNIA,CA,6037,Los Angeles,6037602801,0.9552,,,,,,,,,,,,,,,,,,,,,,,,,,,,,
958,6,CALIFORNIA,CA,6037,Los Angeles,6037294421,0.9564,,,,,,,,,,,,,,,,,,,,,,,,,,,,,
561,6,CALIFORNIA,CA,6037,Los Angeles,6037208902,0.9567,,,,,,,,,,,,,,,,,,,,,,,,,,,,,
739,6,CALIFORNIA,CA,6037,Los Angeles,6037232120,0.9574,,,,,,,,,,,,,,,,,,,,,,,,,,,,,
820,6,CALIFORNIA,CA,6037,Los Angeles,6037242300,0.9577,,,,,,,,,,,,,,,,,,,,,,,,,,,,,
381,6,CALIFORNIA,CA,6037,Los Angeles,6037185320,0.9582,,,,,,,,,,,,,,,,,,,,,,,,,,,,,
1067,6,CALIFORNIA,CA,6037,Los Angeles,6037600201,0.9585,,,,,,,,,,,,,,,,,,,,,,,,,,,,,
523,6,CALIFORNIA,CA,6037,Los Angeles,6037204600,0.9599,,,,,,,,,,,,,,,,,,,,,,,,,,,,,
756,6,CALIFORNIA,CA,6037,Los Angeles,6037234902,0.9609,,,,,,,,,,,,,,,,,,,,,,,,,,,,,
32,6,CALIFORNIA,CA,6037,Los Angeles,6037104703,0.9614,,,,,,,,,,,,,,,,,,,,,,,,,,,,,
676,6,CALIFORNIA,CA,6037,Los Angeles,6037221304,0.9616,,,,,,,,,,,,,,,,,,,,,,,,,,,,,
677,6,CALIFORNIA,CA,6037,Los Angeles,6037221401,0.9619,,,,,,,,,,,,,,,,,,,,,,,,,,,,,
1042,6,CALIFORNIA,CA,6037,Los Angeles,6037535606,0.9633,,,,,,,,,,,,,,,,,,,,,,,,,,,,,
143,6,CALIFORNIA,CA,6037,Los Angeles,6037120030,0.9636,,,,,,,,,,,,,,,,,,,,,,,,,,,,,
818,6,CALIFORNIA,CA,6037,Los Angeles,6037242100,0.9646,,,,,,,,,,,,,,,,,,,,,,,,,,,,,
675,6,CALIFORNIA,CA,6037,Los Angeles,6037221303,0.965,,,,,,,,,,,,,,,,,,,,,,,,,,,,,
573,6,CALIFORNIA,CA,6037,Los Angeles,6037209520,0.9654,,,,,,,,,,,,,,,,,,,,,,,,,,,,,
1045,6,CALIFORNIA,CA,6037,Los Angeles,6037540400,0.9655,,,,,,,,,,,,,,,,,,,,,,,,,,,,,
540,6,CALIFORNIA,CA,6037,Los Angeles,6037207103,0.966,,,,,,,,,,,,,,,,,,,,,,,,,,,,,
237,6,CALIFORNIA,CA,6037,Los Angeles,6037128210,0.9664,,,,,,,,,,,,,,,,,,,,,,,,,,,,,
782,6,CALIFORNIA,CA,6037,Los Angeles,6037238310,0.9668,,,,,,,,,,,,,,,,,,,,,,,,,,,,,
737,6,CALIFORNIA,CA,6037,Los Angeles,6037231900,0.9674,,,,,,,,,,,,,,,,,,,,,,,,,,,,,
738,6,CALIFORNIA,CA,6037,Los Angeles,6037232110,0.9679,,,,,,,,,,,,,,,,,,,,,,,,,,,,,
821,6,CALIFORNIA,CA,6037,Los Angeles,6037242600,0.9684,,,,,,,,,,,,,,,,,,,,,,,,,,,,,
570,6,CALIFORNIA,CA,6037,Los Angeles,6037209402,0.9689,,,,,,,,,,,,,,,,,,,,,,,,,,,,,
755,6,CALIFORNIA,CA,6037,Los Angeles,6037234901,0.9693,,,,,,,,,,,,,,,,,,,,,,,,,,,,,
134,6,CALIFORNIA,CA,6037,Los Angeles,6037119340,0.9695,,,,,,,,,,,,,,,,,,,,,,,,,,,,,
132,6,CALIFORNIA,CA,6037,Los Angeles,6037119310,0.9698,,,,,,,,,,,,,,,,,,,,,,,,,,,,,
970,6,CALIFORNIA,CA,6037,Los Angeles,6037296220,0.97,,,,,,,,,,,,,,,,,,,,,,,,,,,,,
222,6,CALIFORNIA,CA,6037,Los Angeles,6037127520,0.971,,,,,,,,,,,,,,,,,,,,,,,,,,,,,
470,6,CALIFORNIA,CA,6037,Los Angeles,6037195710,0.9722,,,,,,,,,,,,,,,,,,,,,,,,,,,,,
696,6,CALIFORNIA,CA,6037,Los Angeles,6037224310,0.9725,,,,,,,,,,,,,,,,,,,,,,,,,,,,,
144,6,CALIFORNIA,CA,6037,Los Angeles,6037120103,0.9727,,,,,,,,,,,,,,,,,,,,,,,,,,,,,
713,6,CALIFORNIA,CA,6037,Los Angeles,6037228320,0.9728,,,,,,,,,,,,,,,,,,,,,,,,,,,,,
24,6,CALIFORNIA,CA,6037,Los Angeles,6037104320,0.9734,,,,,,,,,,,,,,,,,,,,,,,,,,,,,
572,6,CALIFORNIA,CA,6037,Los Angeles,6037209510,0.9735,,,,,,,,,,,,,,,,,,,,,,,,,,,,,
773,6,CALIFORNIA,CA,6037,Los Angeles,6037237500,0.9738,,,,,,,,,,,,,,,,,,,,,,,,,,,,,
717,6,CALIFORNIA,CA,6037,Los Angeles,6037228600,0.9752,,,,,,,,,,,,,,,,,,,,,,,,,,,,,
531,6,CALIFORNIA,CA,6037,Los Angeles,6037206010,0.9756,,,,,,,,,,,,,,,,,,,,,,,,,,,,,
1068,6,CALIFORNIA,CA,6037,Los Angeles,6037600202,0.9758,,,,,,,,,,,,,,,,,,,,,,,,,,,,,
729,6,CALIFORNIA,CA,6037,Los Angeles,6037231220,0.9759,,,,,,,,,,,,,,,,,,,,,,,,,,,,,
745,6,CALIFORNIA,CA,6037,Los Angeles,6037232700,0.9764,,,,,,,,,,,,,,,,,,,,,,,,,,,,,
534,6,CALIFORNIA,CA,6037,Los Angeles,6037206032,0.9766,,,,,,,,,,,,,,,,,,,,,,,,,,,,,
562,6,CALIFORNIA,CA,6037,Los Angeles,6037208903,0.9769,,,,,,,,,,,,,,,,,,,,,,,,,,,,,
576,6,CALIFORNIA,CA,6037,Los Angeles,6037210010,0.9793,,,,,,,,,,,,,,,,,,,,,,,,,,,,,
724,6,CALIFORNIA,CA,6037,Los Angeles,6037229300,0.9798,,,,,,,,,,,,,,,,,,,,,,,,,,,,,
550,6,CALIFORNIA,CA,6037,Los Angeles,6037208302,0.9806,,,,,,,,,,,,,,,,,,,,,,,,,,,,,
1047,6,CALIFORNIA,CA,6037,Los Angeles,6037540600,0.9818,,,,,,,,,,,,,,,,,,,,,,,,,,,,,
535,6,CALIFORNIA,CA,6037,Los Angeles,6037206050,0.9824,,,,,,,,,,,,,,,,,,,,,,,,,,,,,
439,6,CALIFORNIA,CA,6037,Los Angeles,6037191620,0.9833,,,,,,,,,,,,,,,,,,,,,,,,,,,,,
31,6,CALIFORNIA,CA,6037,Los Angeles,6037104701,0.984,,,,,,,,,,,,,,,,,,,,,,,,,,,,,
565,6,CALIFORNIA,CA,6037,Los Angeles,6037209103,0.9843,,,,,,,,,,,,,,,,,,,,,,,,,,,,,
147,6,CALIFORNIA,CA,6037,Los Angeles,6037120106,0.9861,,,,,,,,,,,,,,,,,,,,,,,,,,,,,
814,6,CALIFORNIA,CA,6037,Los Angeles,6037241202,0.9862,,,,,,,,,,,,,,,,,,,,,,,,,,,,,
699,6,CALIFORNIA,CA,6037,Los Angeles,6037224420,0.9863,,,,,,,,,,,,,,,,,,,,,,,,,,,,,
522,6,CALIFORNIA,CA,6037,Los Angeles,6037204420,0.9866,,,,,,,,,,,,,,,,,,,,,,,,,,,,,
824,6,CALIFORNIA,CA,6037,Los Angeles,6037243100,0.9871,,,,,,,,,,,,,,,,,,,,,,,,,,,,,
487,6,CALIFORNIA,CA,6037,Los Angeles,6037199120,0.9882,,,,,,,,,,,,,,,,,,,,,,,,,,,,,
819,6,CALIFORNIA,CA,6037,Los Angeles,6037242200,0.9883,,,,,,,,,,,,,,,,,,,,,,,,,,,,,
697,6,CALIFORNIA,CA,6037,Los Angeles,6037224320,0.9886,,,,,,,,,,,,,,,,,,,,,,,,,,,,,
563,6,CALIFORNIA,CA,6037,Los Angeles,6037208904,0.9895,,,,,,,,,,,,,,,,,,,,,,,,,,,,,
566,6,CALIFORNIA,CA,6037,Los Angeles,6037209104,0.9898,,,,,,,,,,,,,,,,,,,,,,,,,,,,,
710,6,CALIFORNIA,CA,6037,Los Angeles,6037228210,0.9908,,,,,,,,,,,,,,,,,,,,,,,,,,,,,
520,6,CALIFORNIA,CA,6037,Los Angeles,6037204300,0.991,,,,,,,,,,,,,,,,,,,,,,,,,,,,,
126,6,CALIFORNIA,CA,6037,Los Angeles,6037117520,0.9912,,,,,,,,,,,,,,,,,,,,,,,,,,,,,
574,6,CALIFORNIA,CA,6037,Los Angeles,6037209810,0.9937,,,,,,,,,,,,,,,,,,,,,,,,,,,,,
569,6,CALIFORNIA,CA,6037,Los Angeles,6037209401,0.9954,,,,,,,,,,,,,,,,,,,,,,,,,,,,,
734,6,CALIFORNIA,CA,6037,Los Angeles,6037231710,0.9957,,,,,,,,,,,,,,,,,,,,,,,,,,,,,
679,6,CALIFORNIA,CA,6037,Los Angeles,6037221500,0.9959,,,,,,,,,,,,,,,,,,,,,,,,,,,,,
1030,6,CALIFORNIA,CA,6037,Los Angeles,6037531301,0.996,,,,,,,,,,,,,,,,,,,,,,,,,,,,,
700,6,CALIFORNIA,CA,6037,Los Angeles,6037224600,0.9961,,,,,,,,,,,,,,,,,,,,,,,,,,,,,
727,6,CALIFORNIA,CA,6037,Los Angeles,6037231100,0.9962,,,,,,,,,,,,,,,,,,,,,,,,,,,,,
575,6,CALIFORNIA,CA,6037,Los Angeles,6037209820,0.9984,,,,,,,,,,,,,,,,,,,,,,,,,,,,,
571,6,CALIFORNIA,CA,6037,Los Angeles,6037209403,0.9987,,,,,,,,,,,,,,,,,,,,,,,,,,,,,
670,6,CALIFORNIA,CA,6037,Los Angeles,6037221110,0.9996,,,,,,,,,,,,,,,,,,,,,,,,,,,,,
510,6,CALIFORNIA,CA,6037,Los Angeles,6037203300,0.9999,,,,,,,,,,,,,,,,,,,,,,,,,,,,,
